sample_id,Al2O3,SiO2,Li2O,ZrO2,P2O5,Na2O,TiO2,K2O,MgO,ZnO,BaO,CaO,SnO2,Fe2O3,As2O3,Sb2O3,B2O3,SrO,Ta2O5,Nd2O3,V2O5,CeO2,CoO,Cl,MnO2,MoO3,F,La2O3,Cr2O3,T_nucleation,t1,T_crystal,t2,¦Â?quartz s.s,¦Â?spodumene,Li2Si2O5(LD),Petalite,Li2SiO3(LM),Keatite,LiAlSi3O8,LiAlSi2O6,KMK,Cristobalite,Li4SiO4,Mullite,Tridymite
1,7.5948426846608434,73.9100180532448,11.503871105599314,4.234562150330572,2.1046738608556748,0.05406082350282,0,0.1478953409670565,0,0,0,0,0.3943614090082288,0.0557145718306894,0,0,0,0,0,0,0,0,0,0,0,0,0,0,0,570,4,725,1.5,0,0,1,1,0,0,0,0,0,0,0,0,0
2,7.5948426846608434,73.9100180532448,11.503871105599314,4.234562150330572,2.1046738608556748,0.05406082350282,0,0.1478953409670565,0,0,0,0,0.3943614090082288,0.0557145718306894,0,0,0,0,0,0,0,0,0,0,0,0,0,0,0,570,4,730,1,0,0,1,1,0,0,0,0,0,0,0,0,0
3,7.5948426846608434,73.9100180532448,11.503871105599314,4.234562150330572,2.1046738608556748,0.05406082350282,0,0.1478953409670565,0,0,0,0,0.3943614090082288,0.0557145718306894,0,0,0,0,0,0,0,0,0,0,0,0,0,0,0,580,4,730,1,0,0,1,1,0,0,0,0,0,0,0,0,0
4,7.5948426846608434,73.9100180532448,11.503871105599314,4.234562150330572,2.1046738608556748,0.05406082350282,0,0.1478953409670565,0,0,0,0,0.3943614090082288,0.0557145718306894,0,0,0,0,0,0,0,0,0,0,0,0,0,0,0,580,3,730,1,0,0,1,1,0,0,0,0,0,0,0,0,0
5,7.5948426846608434,73.9100180532448,11.503871105599314,4.234562150330572,2.1046738608556748,0.05406082350282,0,0.1478953409670565,0,0,0,0,0.3943614090082288,0.0557145718306894,0,0,0,0,0,0,0,0,0,0,0,0,0,0,0,585,2.75,740,1,0,0,1,1,0,0,0,0,0,0,0,0,0
6,7.5948426846608434,73.9100180532448,11.503871105599314,4.234562150330572,2.1046738608556748,0.05406082350282,0,0.1478953409670565,0,0,0,0,0.3943614090082288,0.0557145718306894,0,0,0,0,0,0,0,0,0,0,0,0,0,0,0,585,2.75,740,2,0,0,1,1,0,0,0,0,0,0,0,0,0
7,7.5948426846608434,73.9100180532448,11.503871105599314,4.234562150330572,2.1046738608556748,0.05406082350282,0,0.1478953409670565,0,0,0,0,0.3943614090082288,0.0557145718306894,0,0,0,0,0,0,0,0,0,0,0,0,0,0,0,580,2,740,1,0,0,1,1,0,0,0,0,0,0,0,0,0
8,7.5948426846608434,73.9100180532448,11.503871105599314,4.234562150330572,2.1046738608556748,0.05406082350282,0,0.1478953409670565,0,0,0,0,0.3943614090082288,0.0557145718306894,0,0,0,0,0,0,0,0,0,0,0,0,0,0,0,580,2,750,1,0,0,1,1,0,0,0,0,0,0,0,0,0
9,7.5948426846608434,73.9100180532448,11.503871105599314,4.234562150330572,2.1046738608556748,0.05406082350282,0,0.1478953409670565,0,0,0,0,0.3943614090082288,0.0557145718306894,0,0,0,0,0,0,0,0,0,0,0,0,0,0,0,580,3,755,0.5,0,0,1,1,0,0,0,0,0,0,0,0,0
10,7.5948426846608434,73.9100180532448,11.503871105599314,4.234562150330572,2.1046738608556748,0.05406082350282,0,0.1478953409670565,0,0,0,0,0.3943614090082288,0.0557145718306894,0,0,0,0,0,0,0,0,0,0,0,0,0,0,0,600,2,755,0.25,0,0,1,1,0,0,0,0,0,0,0,0,0
11,7.5948426846608434,73.9100180532448,11.503871105599314,4.234562150330572,2.1046738608556748,0.05406082350282,0,0.1478953409670565,0,0,0,0,0.3943614090082288,0.0557145718306894,0,0,0,0,0,0,0,0,0,0,0,0,0,0,0,570,4,755,1.5,0,0,1,1,0,0,0,0,0,0,0,0,0
12,7.5948426846608434,73.9100180532448,11.503871105599314,4.234562150330572,2.1046738608556748,0.05406082350282,0,0.1478953409670565,0,0,0,0,0.3943614090082288,0.0557145718306894,0,0,0,0,0,0,0,0,0,0,0,0,0,0,0,570,4,755,0.5,0,0,1,1,0,0,0,0,0,0,0,0,0
13,7.5948426846608434,73.9100180532448,11.503871105599314,4.234562150330572,2.1046738608556748,0.05406082350282,0,0.1478953409670565,0,0,0,0,0.3943614090082288,0.0557145718306894,0,0,0,0,0,0,0,0,0,0,0,0,0,0,0,600,2,755,0.75,0,0,1,1,0,0,0,0,0,0,0,0,0
14,7.5948426846608434,73.9100180532448,11.503871105599314,4.234562150330572,2.1046738608556748,0.05406082350282,0,0.1478953409670565,0,0,0,0,0.3943614090082288,0.0557145718306894,0,0,0,0,0,0,0,0,0,0,0,0,0,0,0,600,1.5,755,0.5,0,0,1,1,0,0,0,0,0,0,0,0,0
15,26.317218178127096,60.635828427249805,1.083205243467417,0.5360343377512256,0,0.3595023346190657,5.559235521011575,0,1.5782169890664433,1.0619326585655875,0,0,0,0,2.8688263101418183,0,0,0,0,0,0,0,0,0,0,0,0,0,0,780,1,850,1,1,0,0,0,0,0,0,0,0,0,0,0,0
16,26.823378743116606,56.74916850727606,1.4634383889359692,1.0345661404744126,0,0.3469264155526921,3.911808036289019,0,1.240970005810094,1.707974493799768,2.145620655723391,0,0,0,0,4.0793799879768,0,0,0,0,0,0,0,0.496768625045199,0,0,0,0,0,780,1,850,1,1,0,0,0,0,0,0,0,0,0,0,0,0
17,30.932920256697628,54.02192373859982,1.7227755718836266,3.890521878986191,2.7279201770767725,0.4254224435254796,2.0832246554476312,0.3879457326243967,0.2766824572202659,0,0,0,0,0,3.5306630879382106,0,0,0,0,0,0,0,0,0,0,0,0,0,0,780,1,850,1,1,0,0,0,0,0,0,0,0,0,0,0,0
18,30.932920256697628,54.02192373859982,1.7227755718836266,3.890521878986191,2.7279201770767725,0.4254224435254796,2.0832246554476312,0.3879457326243967,0.2766824572202659,0,0,0,0,0,3.5306630879382106,0,0,0,0,0,0,0,0,0,0,0,0,0,0,770,2,850,1,1,0,0,0,0,0,0,0,0,0,0,0,0
19,30.932920256697628,54.02192373859982,1.7227755718836266,3.890521878986191,2.7279201770767725,0.4254224435254796,2.0832246554476312,0.3879457326243967,0.2766824572202659,0,0,0,0,0,3.5306630879382106,0,0,0,0,0,0,0,0,0,0,0,0,0,0,780,2,840,1,1,0,0,0,0,0,0,0,0,0,0,0,0
20,30.932920256697628,54.02192373859982,1.7227755718836266,3.890521878986191,2.7279201770767725,0.4254224435254796,2.0832246554476312,0.3879457326243967,0.2766824572202659,0,0,0,0,0,3.5306630879382106,0,0,0,0,0,0,0,0,0,0,0,0,0,0,800,2,830,1,1,0,0,0,0,0,0,0,0,0,0,0,0
21,30.932920256697628,54.02192373859982,1.7227755718836266,3.890521878986191,2.7279201770767725,0.4254224435254796,2.0832246554476312,0.3879457326243967,0.2766824572202659,0,0,0,0,0,3.5306630879382106,0,0,0,0,0,0,0,0,0,0,0,0,0,0,720,2,890,1,1,0,0,0,0,0,0,0,0,0,0,0,0
22,30.00295618072299,50.10482237150784,1.9043770459347087,3.676024289499592,2.8871579712463964,0.67238194939778,2.3827630255018057,0.7664373140521645,0.5466222245124336,0.8827318364391313,2.495070772051346,0,3.6786550191338128,0,0,0,0,0,0,0,0,0,0,0,0,0,0,0,0,780,1,850,1,1,0,0,0,0,0,0,0,0,0,0,0,0
23,28.076854284540858,50.02682902906189,1.4105303021163724,3.231547371463249,0,0.6501908978519466,2.9325204023882288,0.4940947287645481,0.1585745104816794,1.493797327797234,5.026509073876603,0,0,0,0,6.498552071657373,0,0,0,0,0,0,0,0,0,0,0,0,0,780,1,850,1,1,0,0,0,0,0,0,0,0,0,0,0,0
24,28.372215757956155,52.601630298156806,1.2167781820432644,4.181487271066795,2.8900517931596537,0.4206599270584645,2.05990338531472,0.3836027602023946,1.149057227667831,0.8836166057372639,2.0813096681469627,0,0,0,3.759687123489682,0,0,0,0,0,0,0,0,0,0,0,0,0,0,780,1,850,1,1,0,0,0,0,0,0,0,0,0,0,0,0
25,21.25725726152256,67.84075364276445,2.500921828768271,2.062674616739132,0,0,1.7016434042181483,0,0.9201547911432,2.9718876846567976,0,0,0,0,0.3010723954019196,0.4436343747855216,0,0,0,0,0,0,0,0,0,0,0,0,0,700,2,850,2,0,1,0,0,0,0,0,0,0,0,0,0,0
26,17.075626577077674,72.33123027344519,2.5964755617046875,2.3361644301807343,0,0,1.766658782759491,0,3.1206842915440443,0,0,0,0,0,0.3125755903174245,0.4605844929707621,0,0,0,0,0,0,0,0,0,0,0,0,0,700,2,850,2,0,1,0,0,0,0,0,0,0,0,0,0,0
27,15.205228157587838,74.53700494014758,2.2279924350172844,2.345836348310944,0,0,1.773972899390204,0,3.133604188186641,0,0,0,0,0,0.3138696796717505,0.4624913516877715,0,0,0,0,0,0,0,0,0,0,0,0,0,700,2,850,2,0,1,0,0,0,0,0,0,0,0,0,0,0
28,29.949101267942137,51.01740052503588,1.7553533658024931,3.4548706009019776,1.705605536295221,0.413764153631338,1.8128584387192463,0.7546289113663512,0,0.4345658493834395,6.755731214319686,0,0,0,0,1.946120136602253,0,0,0,0,0,0,0,0,0,0,0,0,0,780,2,900,3,1,1,0,0,0,0,0,0,0,0,0,0,0
29,29.949101267942137,51.01740052503588,1.7553533658024931,3.4548706009019776,1.705605536295221,0.413764153631338,1.8128584387192463,0.7546289113663512,0,0.4345658493834395,6.755731214319686,0,0,0,0,1.946120136602253,0,0,0,0,0,0,0,0,0,0,0,0,0,780,2,1160,1,0,1,0,0,0,0,0,0,0,0,0,0,0
30,28.17326135899203,55.41963793150614,1.6019776034919844,2.032701887573704,0,0.5964318839898332,2.5253568782744744,0.9064840831210434,0.332487473981886,0,4.426471479775467,0,0.6215478442546519,0,1.3598635957284448,2.0037779793103323,0,0,0,0,0,0,0,0,0,0,0,0,0,780,2,900,3,1,1,0,0,0,0,0,0,0,0,0,0,0
31,28.17326135899203,55.41963793150614,1.6019776034919844,2.032701887573704,0,0.5964318839898332,2.5253568782744744,0.9064840831210434,0.332487473981886,0,4.426471479775467,0,0.6215478442546519,0,1.3598635957284448,2.0037779793103323,0,0,0,0,0,0,0,0,0,0,0,0,0,780,2,1160,1,0,1,0,0,0,0,0,0,0,0,0,0,0
32,25.54201160151909,52.91490936016551,1.3788604268375972,3.249248074104584,2.4328751547229595,0.3268761493799743,2.316743938050694,0.3726008382332233,0,0,6.469173279694283,0,0,0,0,4.996701177292075,0,0,0,0,0,0,0,0,0,0,0,0,0,780,2,1160,1,1,1,0,0,0,0,0,0,0,0,0,0,0
33,25.54201160151909,52.91490936016551,1.3788604268375972,3.249248074104584,2.4328751547229595,0.3268761493799743,2.316743938050694,0.3726008382332233,0,0,6.469173279694283,0,0,0,0,4.996701177292075,0,0,0,0,0,0,0,0,0,0,0,0,0,780,2,1160,1,0,1,0,0,0,0,0,0,0,0,0,0,0
34,26.59331463475169,55.83514352296215,1.968842042377107,3.3829863406641443,3.3123999270799254,0.4254128660005755,1.4253321487481692,0.6465616646862572,0.3320114739299748,0.2234000962017866,1.0524129516597007,0,0,0,0,4.80218233093854,0,0,0,0,0,0,0,0,0,0,0,0,0,780,2,1160,1,1,1,0,0,0,0,0,0,0,0,0,0,0
35,26.59331463475169,55.83514352296215,1.968842042377107,3.3829863406641443,3.3123999270799254,0.4254128660005755,1.4253321487481692,0.6465616646862572,0.3320114739299748,0.2234000962017866,1.0524129516597007,0,0,0,0,4.80218233093854,0,0,0,0,0,0,0,0,0,0,0,0,0,780,2,1160,1,0,1,0,0,0,0,0,0,0,0,0,0,0
36,23.89199778243798,57.05883017814103,2.0593222651883285,3.9064543901470112,1.1738963948627763,0.5125975662504924,1.4312014064040788,0.2596896350478455,0.1666893182926536,0.4486400340518723,5.0723836613867705,0,0,0,0,4.018297367789167,0,0,0,0,0,0,0,0,0,0,0,0,0,780,2,1160,1,1,1,0,0,0,0,0,0,0,0,0,0,0
37,23.89199778243798,57.05883017814103,2.0593222651883285,3.9064543901470112,1.1738963948627763,0.5125975662504924,1.4312014064040788,0.2596896350478455,0.1666893182926536,0.4486400340518723,5.0723836613867705,0,0,0,0,4.018297367789167,0,0,0,0,0,0,0,0,0,0,0,0,0,780,2,1160,1,0,1,0,0,0,0,0,0,0,0,0,0,0
38,31.10941634052152,54.5790007615423,1.7326053305750673,3.912720296399547,2.743485058253292,0.4278498055278362,2.0951110531870194,0.3901592611880172,0.2782611432853675,0,0,0,0,0,2.7313909495200748,0,0,0,0,0,0,0,0,0,0,0,0,0,0,780,2,1160,1,1,1,0,0,0,0,0,0,0,0,0,0,0
39,31.10941634052152,54.5790007615423,1.7326053305750673,3.912720296399547,2.743485058253292,0.4278498055278362,2.0951110531870194,0.3901592611880172,0.2782611432853675,0,0,0,0,0,2.7313909495200748,0,0,0,0,0,0,0,0,0,0,0,0,0,0,780,2,1160,1,0,1,0,0,0,0,0,0,0,0,0,0,0
40,30.712199579221465,53.88211549438755,1.71048277223167,3.862761207903746,2.708455206275805,0.4223868578397673,2.068359885051895,0.3851775605857317,0.274708200056809,0,0,0,0,0,0,3.9733532364455946,0,0,0,0,0,0,0,0,0,0,0,0,0,780,2,1160,1,1,1,0,0,0,0,0,0,0,0,0,0,0
41,30.712199579221465,53.88211549438755,1.71048277223167,3.862761207903746,2.708455206275805,0.4223868578397673,2.068359885051895,0.3851775605857317,0.274708200056809,0,0,0,0,0,0,3.9733532364455946,0,0,0,0,0,0,0,0,0,0,0,0,0,780,2,1160,1,0,1,0,0,0,0,0,0,0,0,0,0,0
42,29.949101267942137,51.01740052503588,1.7553533658024931,3.4548706009019776,1.705605536295221,0.413764153631338,1.8128584387192463,0.7546289113663512,0,0.4345658493834395,6.755731214319686,0,0,0,0,1.946120136602253,0,0,0,0,0,0,0,0,0,0,0,0,0,780,2,900,3,1,0,0,0,0,0,0,0,0,0,0,0,0
43,30.060190871330366,51.93126059102705,1.801906837154981,2.97230201438068,1.711932104857952,0.2491793524472684,0.5351714230387042,0.7574280413208355,0.1620590464206097,0.5452222197653609,6.164354648392977,0,0,0,1.0605064663475874,1.9533388411699395,0,0,0,0,0,0,0,0.0951475423456817,0,0,0,0,0,780,2,900,3,1,0,0,0,0,0,0,0,0,0,0,0,0
44,29.2224475498993,55.51189575913115,1.6719832261218517,2.6907209079927457,1.9371902170938688,0,1.5260866260039607,0,0.2750744598106729,0.2221067605536538,2.0926403831689653,0,0.8227531002345131,0,0,3.978650782634948,0,0,0,0,0,0,0,0.0484502273543978,0,0,0,0,0,780,2,900,3,1,0,0,0,0,0,0,0,0,0,0,0,0
45,28.17326135899203,55.41963793150614,1.6019776034919844,2.032701887573704,0,0.5964318839898332,2.5253568782744744,0.9064840831210434,0.332487473981886,0,4.426471479775467,0,0.6215478442546519,0,1.3598635957284448,2.0037779793103323,0,0,0,0,0,0,0,0,0,0,0,0,0,780,2,900,3,1,0,0,0,0,0,0,0,0,0,0,0,0
46,26.577819667756668,56.04988931853556,1.7217330103780597,2.7048121570572383,2.531535814217029,0.6802639891836051,1.314924608327554,0.5169479491859923,0.2212120151983795,0.4465398580176666,2.1035994970458645,0,1.0338273012449692,0,0,3.999486893489927,0,0,0,0,0,0,0,0.0974079203614794,0,0,0,0,0,780,2,900,3,1,0,0,0,0,0,0,0,0,0,0,0,0
47,30.973767955293862,53.94277258495476,1.6136980715821991,3.3273071683460267,2.874602212354133,0,0.6470183984802723,0.7631042085494134,0.2176980229768355,0,1.656146755794502,0,0,0,0,3.9359543325605975,0,0,0,0,0,0,0,0.047930289107403,0,0,0,0,0,780,2,900,3,1,0,0,0,0,0,0,0,0,0,0,0,0
48,30.060190871330366,51.93126059102705,1.801906837154981,2.97230201438068,1.711932104857952,0.2491793524472684,0.5351714230387042,0.7574280413208355,0.1620590464206097,0.5452222197653609,6.164354648392977,0,0,0,1.0605064663475874,1.9533388411699395,0,0,0,0,0,0,0,0.0951475423456817,0,0,0,0,0,780,2,1160,1,0,1,0,0,0,0,0,0,0,0,0,0,0
49,29.2224475498993,55.51189575913115,1.6719832261218517,2.6907209079927457,1.9371902170938688,0,1.5260866260039607,0,0.2750744598106729,0.2221067605536538,2.0926403831689653,0,0.8227531002345131,0,0,3.978650782634948,0,0,0,0,0,0,0,0.0484502273543978,0,0,0,0,0,780,2,1160,1,0,1,0,0,0,0,0,0,0,0,0,0,0
50,26.577819667756668,56.04988931853556,1.7217330103780597,2.7048121570572383,2.531535814217029,0.6802639891836051,1.314924608327554,0.5169479491859923,0.2212120151983795,0.4465398580176666,2.1035994970458645,0,1.0338273012449692,0,0,3.999486893489927,0,0,0,0,0,0,0,0.0974079203614794,0,0,0,0,0,780,2,1160,1,0,1,0,0,0,0,0,0,0,0,0,0,0
51,30.973767955293862,53.94277258495476,1.6136980715821991,3.3273071683460267,2.874602212354133,0,0.6470183984802723,0.7631042085494134,0.2176980229768355,0,1.656146755794502,0,0,0,0,3.9359543325605975,0,0,0,0,0,0,0,0.047930289107403,0,0,0,0,0,780,2,1160,1,0,1,0,0,0,0,0,0,0,0,0,0,0
52,25.54201160151909,52.91490936016551,1.3788604268375972,3.249248074104584,2.4328751547229595,0.3268761493799743,2.316743938050694,0.3726008382332233,0,0,6.469173279694283,0,0,0,0,4.996701177292075,0,0,0,0,0,0,0,0,0,0,0,0,0,780,2,900,3,1,0,0,0,0,0,0,0,0,0,0,0,0
53,26.59331463475169,55.83514352296215,1.968842042377107,3.3829863406641443,3.3123999270799254,0.4254128660005755,1.4253321487481692,0.6465616646862572,0.3320114739299748,0.2234000962017866,1.0524129516597007,0,0,0,0,4.80218233093854,0,0,0,0,0,0,0,0,0,0,0,0,0,780,2,900,3,1,0,0,0,0,0,0,0,0,0,0,0,0
54,25.389271591249447,57.59848600655872,1.7361122159100744,4.091102452561471,2.3563183010735886,0.6859452740620028,1.2154141243801508,0,0.1115297434553054,0.3377018813554282,3.6059854203427664,0,0,0,0,2.8230222734387813,0,0,0,0,0,0,0,0.0491107156122965,0,0,0,0,0,780,2,900,3,1,0,0,0,0,0,0,0,0,0,0,0,0
55,23.89199778243798,57.05883017814103,2.0593222651883285,3.9064543901470112,1.1738963948627763,0.5125975662504924,1.4312014064040788,0.2596896350478455,0.1666893182926536,0.4486400340518723,5.0723836613867705,0,0,0,0,4.018297367789167,0,0,0,0,0,0,0,0,0,0,0,0,0,780,2,900,3,1,0,0,0,0,0,0,0,0,0,0,0,0
56,31.10941634052152,54.5790007615423,1.7326053305750673,3.912720296399547,2.743485058253292,0.4278498055278362,2.0951110531870194,0.3901592611880172,0.2782611432853675,0,0,0,0,0,2.7313909495200748,0,0,0,0,0,0,0,0,0,0,0,0,0,0,780,2,900,3,1,0,0,0,0,0,0,0,0,0,0,0,0
57,30.712199579221465,53.88211549438755,1.71048277223167,3.862761207903746,2.708455206275805,0.4223868578397673,2.068359885051895,0.3851775605857317,0.274708200056809,0,0,0,0,0,0,3.9733532364455946,0,0,0,0,0,0,0,0,0,0,0,0,0,780,2,900,3,1,0,0,0,0,0,0,0,0,0,0,0,0
58,25.389271591249447,57.59848600655872,1.7361122159100744,4.091102452561471,2.3563183010735886,0.6859452740620028,1.2154141243801508,0,0.1115297434553054,0.3377018813554282,3.6059854203427664,0,0,0,0,2.8230222734387813,0,0,0,0,0,0,0,0.0491107156122965,0,0,0,0,0,780,2,1160,1,0,1,0,0,0,0,0,0,0,0,0,0,0
59,7.5948426846608434,73.9100180532448,11.503871105599314,4.234562150330572,2.1046738608556748,0.05406082350282,0,0.1478953409670565,0,0,0,0,0.3943614090082288,0.0557145718306894,0,0,0,0,0,0,0,0,0,0,0,0,0,0,0,580,2,730,1,0,0,1,1,1,0,0,0,0,0,0,0,0
60,7.5948426846608434,73.9100180532448,11.503871105599314,4.234562150330572,2.1046738608556748,0.05406082350282,0,0.1478953409670565,0,0,0,0,0.3943614090082288,0.0557145718306894,0,0,0,0,0,0,0,0,0,0,0,0,0,0,0,585,2.75,710,1,0,0,1,1,1,0,0,0,0,0,0,0,0
61,7.5948426846608434,73.9100180532448,11.503871105599314,4.234562150330572,2.1046738608556748,0.05406082350282,0,0.1478953409670565,0,0,0,0,0.3943614090082288,0.0557145718306894,0,0,0,0,0,0,0,0,0,0,0,0,0,0,0,600,1.5,725,0.5,0,0,1,1,1,1,0,0,0,0,0,0,0
62,7.5948426846608434,73.9100180532448,11.503871105599314,4.234562150330572,2.1046738608556748,0.05406082350282,0,0.1478953409670565,0,0,0,0,0.3943614090082288,0.0557145718306894,0,0,0,0,0,0,0,0,0,0,0,0,0,0,0,615,2.75,740,1,0,0,1,1,1,0,0,0,0,0,0,0,0
63,23.594238340683585,64.88029865671432,4.609623653848735,2.851394711984142,0,0.764938350911766,1.848246190928205,0.2906469532747998,0.3109336169455196,0.376591442483606,0.473088082225319,0,0,0,0,0,0,0,0,0,0,0,0,0,0,0,0,0,0,780,2,870,1,1,0,0,0,0,0,0,0,0,0,0,0,0
64,19.10959937500839,68.96961037670987,3.686788243485584,1.73206514931483,0,0,3.118632515369427,0,1.0702918762024325,1.5250569842530728,0.4789582307064923,0,0,0,0.3089972489498873,0,0,0,0,0,0,0,0,0,0,0,0,0,0,780,2,1100,1,0,1,0,0,0,0,0,0,0,0,0,0,0
65,19.05079564646246,68.37468415728462,3.13752667763961,1.7124647289987278,0,0,3.0833414016737994,0,1.0581802240265452,2.261698669024939,0.7103073551300518,0,0,0,0.6110011397592532,0,0,0,0,0,0,0,0,0,0,0,0,0,0,780,2,1100,1,0,1,0,0,0,0,0,0,0,0,0,0,0
66,19.10837751178113,68.20379143788887,2.7999132995881726,1.703561706375937,0,0,3.067311256475457,0,1.0526787954050012,2.749926917574546,0.706614500997193,0,0,0,0.6078245739137143,0,0,0,0,0,0,0,0,0,0,0,0,0,0,780,2,1100,1,1,1,0,0,0,0,0,0,0,0,0,0,0
67,18.934764967780456,68.04138117267155,2.319642357264926,1.688083695146375,0,0,3.0394426574722035,0,1.0431144959989866,3.0965249660512484,0.9335925732719932,0,0,0,0.9034531143422572,0,0,0,0,0,0,0,0,0,0,0,0,0,0,780,2,1100,1,1,1,0,0,0,0,0,0,0,0,0,0,0
68,18.80236769391691,67.65643044143343,1.9421015399684385,1.676280132774664,0,0,3.018190008041453,0,1.035820742111214,3.8128427442515695,1.158830784857884,0,0,0,0.8971359126444287,0,0,0,0,0,0,0,0,0,0,0,0,0,0,780,2,1100,1,1,0,0,0,0,0,0,0,0,0,0,0,0
69,18.83693105301501,66.78000921015432,2.3076570121574944,1.6793615464094402,0,0,3.0237381808446053,1.4264987436362178,1.037724834449672,3.0805255512122898,0.9287687998375428,0,0,0,0.8987850682834055,0,0,0,0,0,0,0,0,0,0,0,0,0,0,780,2,1100,1,1,1,0,0,0,0,0,0,0,0,0,0,0
70,18.778714481904053,66.02942337568858,2.3005250712818874,1.6741713872156525,0,0,3.014393151745616,2.275344113339673,1.0345176887926473,3.071005017622897,0.9258983887961044,0,0,0,0.8960073236129,0,0,0,0,0,0,0,0,0,0,0,0,0,0,780,2,1100,1,1,1,0,0,0,0,0,0,0,0,0,0,0
71,18.701649845768127,65.03582957382028,2.291084109403972,1.667300873852808,0,0,3.0020225972205044,3.3990097347169725,1.0302722049316613,3.0584021376716217,0.9220986599861172,0,0,0,0.892330262627927,0,0,0,0,0,0,0,0,0,0,0,0,0,0,780,2,1100,1,1,1,0,0,0,0,0,0,0,0,0,0,0
72,18.64426518637115,64.29596957112608,2.2840540835852754,1.662184881758668,0,0,2.992811108091779,4.235725149100972,1.0271108892160026,3.0490176520023544,0.9192692669662452,0,0,0,0.8895922117814611,0,0,0,0,0,0,0,0,0,0,0,0,0,0,780,2,1100,1,1,1,0,0,0,0,0,0,0,0,0,0,0
73,18.78793535888854,64.88216986401343,2.6626985673336856,1.674993452454853,0,0,3.0158733035665466,3.4146920569441583,1.035025666074895,2.70381141136678,0.9263530309470062,0,0,0,0.8964472884100747,0,0,0,0,0,0,0,0,0,0,0,0,0,0,780,2,1100,1,1,1,0,0,0,0,0,0,0,0,0,0,0
74,18.95370580304792,65.36309580404749,3.050421643128277,1.689772320024575,0,0,3.04248307454514,3.444820701105121,1.0441579449072484,2.107743288938298,0.700894848859406,0,0,0,0.60290457139653,0,0,0,0,0,0,0,0,0,0,0,0,0,0,780,2,1100,1,1,1,0,0,0,0,0,0,0,0,0,0,0
75,19.12252162120032,65.76054757002274,3.5369329056390524,1.7048226906307462,0,0,3.0695816944552137,3.475502839526404,1.0534579931184798,1.501070414290146,0.4714250268794971,0,0,0,0.3041372442373955,0,0,0,0,0,0,0,0,0,0,0,0,0,0,780,2,1100,1,0,1,0,0,0,0,0,0,0,0,0,0,0
76,15.3912000925847,67.88215089872878,2.3691436784334523,1.878835110033532,0,0,3.044606399902171,3.44722481477342,1.044886654644277,3.1017856862406363,0.9351786639228744,0,0,0,0.9049880007361644,0,0,0,0,0,0,0,0,0,0,0,0,0,0,780,2,1100,1,1,1,0,0,0,0,0,0,0,0,0,0,0
77,15.373586260875047,67.71296193491365,2.3664324085001858,1.876684953759865,0,0,1.824673274510637,3.4432797788186207,1.043690876694549,3.222165412979587,1.6346897644213612,0.5978830104268567,0,0,0.903952324099623,0,0,0,0,0,0,0,0,0,0,0,0,0,0,780,2,1100,1,1,1,0,0,0,0,0,0,0,0,0,0,0
78,18.127691555262786,65.4483783393667,2.341071110547265,1.6709150963950072,0,0,1.805118064560261,3.4063777975525547,1.0325055349119068,3.0650318624696062,1.6171706271634518,0.5914754371051091,0,0,0.8942645746653364,0,0,0,0,0,0,0,0,0,0,0,0,0,0,780,2,1100,1,1,1,0,0,0,0,0,0,0,0,0,0,0
79,23.307052826807617,64.09058543770244,6.231623358506911,0,0,0,4.158021901587756,0,0,1.2451601081614814,0.9675563672338012,0,0,0,0,0,0,0,0,0,0,0,0,0,0,0,0,0,0,750,2,800,2,0,1,0,0,0,0,0,0,0,0,0,0,0
80,23.307052826807617,64.09058543770244,6.231623358506911,0,0,0,4.158021901587756,0,0,1.2451601081614814,0.9675563672338012,0,0,0,0,0,0,0,0,0,0,0,0,0,0,0,0,0,0,750,2,900,2,0,1,0,0,0,0,1,0,0,0,0,0,0
81,23.307052826807617,64.09058543770244,6.231623358506911,0,0,0,4.158021901587756,0,0,1.2451601081614814,0.9675563672338012,0,0,0,0,0,0,0,0,0,0,0,0,0,0,0,0,0,0,750,2,1000,2,0,1,0,0,0,0,1,0,0,0,0,0,0
82,23.44639922652006,59.59117710559736,3.710663680478494,0,4.181944089581874,0,0,1.2628033367871545,0.9738679464975144,0.9709408213368836,2.2587624603902663,0,1.1766881100558992,0,0.9909150991692915,0,1.4358381235851985,0,0,0,0,0,0,0,0,0,0,0,0,400,2,1000,1,0,0,0,0,0,0,0,0,0,0,0,0,0
83,24.204277834297205,59.58567396157311,3.7048185288522086,0,4.59289221880651,0,0,1.2608141301078934,0.5039535352296004,0.9574433239250536,2.2552043882485626,0,0,0,0.9893541792093687,0,1.9455678997504948,0,0,0,0,0,0,0,0,0,0,0,0,400,2,1000,1,0,1,0,0,0,0,0,0,0,0,0,0,0
84,24.204277834297205,59.58567396157311,3.7048185288522086,0,4.59289221880651,0,0,1.2608141301078934,0.5039535352296004,0.9574433239250536,2.2552043882485626,0,0,0,0.9893541792093687,0,1.9455678997504948,0,0,0,0,0,0,0,0,0,0,0,0,950,2,1000,1,0,1,0,0,0,0,0,0,0,0,0,0,0
85,24.241805005654268,59.58955398618585,3.710562610982272,0,4.18183018354814,0,0,0.5689398525750184,0.5047348826757845,2.51718541733886,2.25870093716865,0,0,0,0.9908881090407065,0,1.435799014830457,0,0,0,0,0,0,0,0,0,0,0,0,400,2,1000,2,0,1,0,0,0,0,0,0,0,0,0,0,0
86,24.241805005654268,59.58955398618585,3.710562610982272,0,4.18183018354814,0,0,0.5689398525750184,0.5047348826757845,2.51718541733886,2.25870093716865,0,0,0,0.9908881090407065,0,1.435799014830457,0,0,0,0,0,0,0,0,0,0,0,0,950,9,1000,2,0,1,0,0,0,0,0,0,0,0,0,0,0
87,24.21954565076254,59.53483755604755,3.7071554913397136,0,4.595789369298744,0,0,0.5684174395745196,0.5042714240811339,1.676582721802344,2.256626948629308,0,0,0,0.989978253934126,0,1.946795144530017,0,0,0,0,0,0,0,0,0,0,0,0,400,2,1000,2,0,1,0,0,0,0,0,0,0,0,0,0,0
88,24.21954565076254,59.53483755604755,3.7071554913397136,0,4.595789369298744,0,0,0.5684174395745196,0.5042714240811339,1.676582721802344,2.256626948629308,0,0,0,0.989978253934126,0,1.946795144530017,0,0,0,0,0,0,0,0,0,0,0,0,950,6,1000,2,0,1,0,0,0,0,0,0,0,0,0,0,0
89,24.15042110535969,59.364920306523736,3.696574969236961,0,4.582672614116758,0,0,1.3962514181802057,0.5028321925839008,2.149454081427572,2.250186352500168,0,0,0,0.9871527757955736,0,0.9195341842754552,0,0,0,0,0,0,0,0,0,0,0,0,400,2,1000,2,0,1,0,0,0,0,0,0,0,0,0,0,0
90,24.15042110535969,59.364920306523736,3.696574969236961,0,4.582672614116758,0,0,1.3962514181802057,0.5028321925839008,2.149454081427572,2.250186352500168,0,0,0,0.9871527757955736,0,0.9195341842754552,0,0,0,0,0,0,0,0,0,0,0,0,950,5,1000,2,0,1,0,0,0,0,0,0,0,0,0,0,0
91,24.298907524404903,59.72991950859825,3.719302986173788,0,4.191680647917948,0,0,0,0.5059238054105136,1.9223731397552963,2.2640213954673065,0,0,0,0.9932221846927912,0,2.374648807579223,0,0,0,0,0,0,0,0,0,0,0,0,400,2,1000,2,0,1,0,0,0,0,0,0,0,0,0,0,0
92,24.298907524404903,59.72991950859825,3.719302986173788,0,4.191680647917948,0,0,0,0.5059238054105136,1.9223731397552963,2.2640213954673065,0,0,0,0.9932221846927912,0,2.374648807579223,0,0,0,0,0,0,0,0,0,0,0,0,950,9,1000,2,0,1,0,0,0,0,0,0,0,0,0,0,0
93,26.57774440953543,61.46013979400836,3.9396686147584057,1.867415896192166,0,0.187863069706201,2.4208814742552884,0.4282841521375639,1.0385360259565053,1.4798081299122536,0,0,0,0,0.5996584335378319,0,0,0,0,0,0,0,0,0,0,0,0,0,0,640,5,800,1,1,0,0,0,0,0,0,0,0,0,0,0,0
94,26.57774440953543,61.46013979400836,3.9396686147584057,1.867415896192166,0,0.187863069706201,2.4208814742552884,0.4282841521375639,1.0385360259565053,1.4798081299122536,0,0,0,0,0.5996584335378319,0,0,0,0,0,0,0,0,0,0,0,0,0,0,640,24,800,1,1,0,0,0,0,0,0,0,0,0,0,0,0
95,26.57774440953543,61.46013979400836,3.9396686147584057,1.867415896192166,0,0.187863069706201,2.4208814742552884,0.4282841521375639,1.0385360259565053,1.4798081299122536,0,0,0,0,0.5996584335378319,0,0,0,0,0,0,0,0,0,0,0,0,0,0,640,5,1000,1,0,1,0,0,0,0,0,0,0,0,0,0,0
96,26.57774440953543,61.46013979400836,3.9396686147584057,1.867415896192166,0,0.187863069706201,2.4208814742552884,0.4282841521375639,1.0385360259565053,1.4798081299122536,0,0,0,0,0.5996584335378319,0,0,0,0,0,0,0,0,0,0,0,0,0,0,640,24,1000,1,0,1,0,0,0,0,0,0,0,0,0,0,0
97,25.17102429055468,56.95855698460267,3.7100851414727423,1.79997122266427,6.427629748169098,0.1810780983293807,2.3334475175165603,0.4128159937712407,1.001027657649038,1.4263625228520531,0,0,0,0,0.5780008224182751,0,0,0,0,0,0,0,0,0,0,0,0,0,0,700,5,870,1,1,0,0,0,0,0,0,0,0,0,0,0,0
98,25.17102429055468,56.95855698460267,3.7100851414727423,1.79997122266427,6.427629748169098,0.1810780983293807,2.3334475175165603,0.4128159937712407,1.001027657649038,1.4263625228520531,0,0,0,0,0.5780008224182751,0,0,0,0,0,0,0,0,0,0,0,0,0,0,640,24,870,1,1,0,0,0,0,0,0,0,0,0,0,0,0
99,25.17102429055468,56.95855698460267,3.7100851414727423,1.79997122266427,6.427629748169098,0.1810780983293807,2.3334475175165603,0.4128159937712407,1.001027657649038,1.4263625228520531,0,0,0,0,0.5780008224182751,0,0,0,0,0,0,0,0,0,0,0,0,0,0,700,5,1035,1,0,1,0,0,0,0,0,0,0,0,0,0,0
100,25.17102429055468,56.95855698460267,3.7100851414727423,1.79997122266427,6.427629748169098,0.1810780983293807,2.3334475175165603,0.4128159937712407,1.001027657649038,1.4263625228520531,0,0,0,0,0.5780008224182751,0,0,0,0,0,0,0,0,0,0,0,0,0,0,640,24,1035,1,0,1,0,0,0,0,0,0,0,0,0,0,0
101,23.312726929170275,52.78824938844436,4.769465344125607,1.5947398233560115,10.001542999720884,0,2.411954465833773,0,1.159334925417606,0.4680480420800328,1.7639377237834937,0.3225775371739983,0,0,0.568997324844007,0.8384254960499641,0,0,0,0,0,0,0,0,0,0,0,0,0,640,4,710,4,0,1,0,0,0,0,0,0,0,0,0,0,0
102,7.184751736128238,72.94217298849173,10.424967591482286,5.548563725098772,2.024794608559107,1.0652453678755611,0,0.809503982364294,0,0,0,0,0,0,0,0,0,0,0,0,0,0,0,0,0,0,0,0,0,580,4,730,1,0,0,1,1,0,0,0,0,0,0,0,0,0
103,19.81124437732557,68.6529992762944,3.363681266665238,3.990358199578361,0,0,0,0,1.118913945034459,2.1331658411570285,0,0,0.9296370939449452,0,0,0,0,0,0,0,0,0,0,0,0,0,0,0,0,780,2,870,1.5,1,0,0,0,0,0,0,0,0,0,0,0,0
104,19.77770754303208,68.5367822322446,3.357987165925892,3.224821677555704,0,0,0,0,1.1170198271866043,2.129554779278588,0,0,1.856126774776517,0,0,0,0,0,0,0,0,0,0,0,0,0,0,0,0,780,2,870,1.5,1,0,0,0,0,0,0,0,0,0,0,0,0
105,19.719290490136483,68.33434639258809,3.34806874067525,1.8913509298656008,0,0,0,0,1.1137205061612423,2.1232647522916626,0,0,3.4699581882816672,0,0,0,0,0,0,0,0,0,0,0,0,0,0,0,0,780,2,870,1.5,1,0,0,0,0,0,0,0,0,0,0,0,0
106,19.636433668938505,68.04721807407361,3.3340007734153008,0,0,0,0,0,1.1090408580324376,2.114343185462238,0,0,5.758963440077893,0,0,0,0,0,0,0,0,0,0,0,0,0,0,0,0,780,2,870,1.5,1,0,0,0,0,0,0,0,0,0,0,0,0
107,25.57874324786526,50.71945886004625,6.923967162997927,2.2646335077908577,4.195633924315319,8.571854696615015,0,1.7457086003693771,0,0,0,0,0,0,0,0,0,0,0,0,0,0,0,0,0,0,0,0,0,600,3,790,2,0,0,0,1,0,0,0,0,0,0,0,0,0
108,26.997334339246887,49.61929818333781,6.896591650237034,2.2902469906766627,4.087030616630391,8.573905775740494,0,1.5355924441307405,0,0,0,0,0,0,0,0,0,0,0,0,0,0,0,0,0,0,0,0,0,600,3,790,2,0,0,0,1,0,0,0,0,0,0,0,0,0
109,28.29693674499473,48.38815324611496,6.739704287105454,2.252511493464665,4.24590655655276,8.53978331284266,0,1.5370043589247824,0,0,0,0,0,0,0,0,0,0,0,0,0,0,0,0,0,0,0,0,0,600,3,790,2,0,0,0,1,0,0,0,0,0,0,0,0,0
110,29.61019155489865,47.192128360567146,6.68980035146503,2.201826458922993,4.134866108881482,8.487921036141614,0,1.6832661291230806,0,0,0,0,0,0,0,0,0,0,0,0,0,0,0,0,0,0,0,0,0,600,3,790,2,0,0,0,1,0,0,0,0,0,0,0,0,0
111,30.97174973408715,46.14623090205152,6.713543150355153,2.099898322865444,4.073973882538154,8.431506421732646,0,1.5630975863699543,0,0,0,0,0,0,0,0,0,0,0,0,0,0,0,0,0,0,0,0,0,600,3,790,2,0,0,0,1,0,0,0,0,0,0,0,0,0
112,27.910541731679945,37.826503517560425,0,3.373025649448413,5.828200706249486,16.96641208836331,0,0,1.1034463879992336,2.2274232843338537,0,0,0,0,0,0,4.764446634365334,0,0,0,0,0,0,0,0,0,0,0,0,700,4,780,2,0,0,0,0,0,0,0,0,0,0,0,0,0
113,27.910541731679945,37.826503517560425,0,3.373025649448413,5.828200706249486,16.96641208836331,0,0,1.1034463879992336,2.2274232843338537,0,0,0,0,0,0,4.764446634365334,0,0,0,0,0,0,0,0,0,0,0,0,700,4,800,2,0,0,0,0,0,0,0,0,0,0,0,0,0
114,27.910541731679945,37.826503517560425,0,3.373025649448413,5.828200706249486,16.96641208836331,0,0,1.1034463879992336,2.2274232843338537,0,0,0,0,0,0,4.764446634365334,0,0,0,0,0,0,0,0,0,0,0,0,700,4,820,2,0,0,0,0,0,0,0,0,0,0,0,0,0
115,27.910541731679945,37.826503517560425,0,3.373025649448413,5.828200706249486,16.96641208836331,0,0,1.1034463879992336,2.2274232843338537,0,0,0,0,0,0,4.764446634365334,0,0,0,0,0,0,0,0,0,0,0,0,700,4,840,2,0,0,0,0,0,0,0,0,0,0,0,0,0
116,28.07709359673737,38.05222735946997,0,3.393153661229874,5.862979597569002,15.360890888713264,0,0,2.220062069212404,2.2407150901986275,0,0,0,0,0,0,4.792877736869499,0,0,0,0,0,0,0,0,0,0,0,0,700,4,780,2,0,0,0,0,0,0,0,0,0,0,0,0,0
117,28.07709359673737,38.05222735946997,0,3.393153661229874,5.862979597569002,15.360890888713264,0,0,2.220062069212404,2.2407150901986275,0,0,0,0,0,0,4.792877736869499,0,0,0,0,0,0,0,0,0,0,0,0,700,4,840,2,0,0,0,0,0,0,0,0,0,0,0,0,0
118,28.24564513984309,38.28066131820398,0,3.413523336731528,5.898176056025885,13.73609325827756,0,0,3.350084216125172,2.254166481982182,0,0,0,0,0,0,4.821650192810603,0,0,0,0,0,0,0,0,0,0,0,0,700,4,780,2,0,0,0,0,0,0,0,0,0,0,0,0,0
119,28.24564513984309,38.28066131820398,0,3.413523336731528,5.898176056025885,13.73609325827756,0,0,3.350084216125172,2.254166481982182,0,0,0,0,0,0,4.821650192810603,0,0,0,0,0,0,0,0,0,0,0,0,700,4,840,2,0,0,0,0,0,0,0,0,0,0,0,0,0
120,28.416232591713143,38.51185449640339,0,3.4341390544830257,5.933797647216207,12.091669941389432,0,0,4.493755730764836,2.267780351106021,0,0,0,0,0,0,4.850770186923963,0,0,0,0,0,0,0,0,0,0,0,0,700,4,780,2,0,0,0,0,0,0,0,0,0,0,0,0,0
121,28.416232591713143,38.51185449640339,0,3.4341390544830257,5.933797647216207,12.091669941389432,0,0,4.493755730764836,2.267780351106021,0,0,0,0,0,0,4.850770186923963,0,0,0,0,0,0,0,0,0,0,0,0,700,4,840,2,0,0,0,0,0,0,0,0,0,0,0,0,0
122,7.395408212607108,72.62915610916617,10.836347459430186,6.3838914417239785,1.4707507729886409,1.284446004083922,0,0,0,0,0,0,0,0,0,0,0,0,0,0,0,0,0,0,0,0,0,0,0,570,4,685,1.5,0,0,0,0,1,1,0,0,0,0,0,0,0
123,7.395408212607108,72.62915610916617,10.836347459430186,6.3838914417239785,1.4707507729886409,1.284446004083922,0,0,0,0,0,0,0,0,0,0,0,0,0,0,0,0,0,0,0,0,0,0,0,570,4,705,1.5,0,0,0,0,1,1,0,0,0,0,0,0,0
124,7.395408212607108,72.62915610916617,10.836347459430186,6.3838914417239785,1.4707507729886409,1.284446004083922,0,0,0,0,0,0,0,0,0,0,0,0,0,0,0,0,0,0,0,0,0,0,0,570,4,725,1.5,0,0,1,1,1,1,0,0,0,0,0,0,0
125,7.395408212607108,72.62915610916617,10.836347459430186,6.3838914417239785,1.4707507729886409,1.284446004083922,0,0,0,0,0,0,0,0,0,0,0,0,0,0,0,0,0,0,0,0,0,0,0,570,4,745,1.5,0,0,1,1,1,1,0,0,0,0,0,0,0
126,7.395408212607108,72.62915610916617,10.836347459430186,6.3838914417239785,1.4707507729886409,1.284446004083922,0,0,0,0,0,0,0,0,0,0,0,0,0,0,0,0,0,0,0,0,0,0,0,570,4,765,1.5,0,0,1,1,1,1,0,0,0,0,0,0,0
127,7.375040127415741,72.42912430612294,10.80650250133299,6.366309228410073,1.9556001339187925,1.0674237027994815,0,0,0,0,0,0,0,0,0,0,0,0,0,0,0,0,0,0,0,0,0,0,0,570,4,685,1.5,0,0,1,1,1,0,0,0,0,0,0,0,0
128,7.375040127415741,72.42912430612294,10.80650250133299,6.366309228410073,1.9556001339187925,1.0674237027994815,0,0,0,0,0,0,0,0,0,0,0,0,0,0,0,0,0,0,0,0,0,0,0,570,4,705,1.5,0,0,1,1,1,0,0,0,0,0,0,0,0
129,7.375040127415741,72.42912430612294,10.80650250133299,6.366309228410073,1.9556001339187925,1.0674237027994815,0,0,0,0,0,0,0,0,0,0,0,0,0,0,0,0,0,0,0,0,0,0,0,570,4,725,1.5,0,0,1,1,0,0,0,0,0,0,0,0,0
130,7.375040127415741,72.42912430612294,10.80650250133299,6.366309228410073,1.9556001339187925,1.0674237027994815,0,0,0,0,0,0,0,0,0,0,0,0,0,0,0,0,0,0,0,0,0,0,0,570,4,745,1.5,0,0,1,1,0,0,0,0,0,0,0,0,0
131,7.375040127415741,72.42912430612294,10.80650250133299,6.366309228410073,1.9556001339187925,1.0674237027994815,0,0,0,0,0,0,0,0,0,0,0,0,0,0,0,0,0,0,0,0,0,0,0,570,4,765,1.5,0,0,1,1,0,0,0,0,0,0,0,0,0
132,7.354783927717598,72.2301913131413,10.776821486867489,6.3488235973026,2.437786131583432,0.8515935433875781,0,0,0,0,0,0,0,0,0,0,0,0,0,0,0,0,0,0,0,0,0,0,0,570,4,685,1.5,0,0,1,1,1,1,0,0,0,0,0,0,0
133,7.354783927717598,72.2301913131413,10.776821486867489,6.3488235973026,2.437786131583432,0.8515935433875781,0,0,0,0,0,0,0,0,0,0,0,0,0,0,0,0,0,0,0,0,0,0,0,570,4,705,1.5,0,0,1,1,1,0,0,0,0,0,0,0,0
134,7.354783927717598,72.2301913131413,10.776821486867489,6.3488235973026,2.437786131583432,0.8515935433875781,0,0,0,0,0,0,0,0,0,0,0,0,0,0,0,0,0,0,0,0,0,0,0,570,4,725,1.5,0,0,1,1,1,0,0,0,0,0,0,0,0
135,7.354783927717598,72.2301913131413,10.776821486867489,6.3488235973026,2.437786131583432,0.8515935433875781,0,0,0,0,0,0,0,0,0,0,0,0,0,0,0,0,0,0,0,0,0,0,0,570,4,745,1.5,0,0,1,1,0,0,0,0,0,0,0,0,0
136,7.354783927717598,72.2301913131413,10.776821486867489,6.3488235973026,2.437786131583432,0.8515935433875781,0,0,0,0,0,0,0,0,0,0,0,0,0,0,0,0,0,0,0,0,0,0,0,570,4,765,1.5,0,0,1,1,0,0,0,0,0,0,0,0,0
137,7.33463869412766,72.03234810108371,10.74730306887674,6.331433754766645,2.917330651360421,0.6369457297848348,0,0,0,0,0,0,0,0,0,0,0,0,0,0,0,0,0,0,0,0,0,0,0,570,4,685,1.5,0,0,1,1,1,1,0,0,0,0,0,0,0
138,7.33463869412766,72.03234810108371,10.74730306887674,6.331433754766645,2.917330651360421,0.6369457297848348,0,0,0,0,0,0,0,0,0,0,0,0,0,0,0,0,0,0,0,0,0,0,0,570,4,705,1.5,0,0,1,1,1,1,0,0,0,0,0,0,0
139,7.33463869412766,72.03234810108371,10.74730306887674,6.331433754766645,2.917330651360421,0.6369457297848348,0,0,0,0,0,0,0,0,0,0,0,0,0,0,0,0,0,0,0,0,0,0,0,570,4,725,1.5,0,0,1,1,1,1,0,0,0,0,0,0,0
140,7.33463869412766,72.03234810108371,10.74730306887674,6.331433754766645,2.917330651360421,0.6369457297848348,0,0,0,0,0,0,0,0,0,0,0,0,0,0,0,0,0,0,0,0,0,0,0,570,4,745,1.5,0,0,1,1,1,1,0,0,0,0,0,0,0
141,7.33463869412766,72.03234810108371,10.74730306887674,6.331433754766645,2.917330651360421,0.6369457297848348,0,0,0,0,0,0,0,0,0,0,0,0,0,0,0,0,0,0,0,0,0,0,0,570,4,765,1.5,0,0,1,1,1,1,0,0,0,0,0,0,0
142,25.85620959256034,57.01242417587241,1.5622478849068346,3.410704896850109,0.2777989414853232,1.343015484890674,3.159860208624607,1.0271721967317986,0,1.160278481150686,2.8294291069308404,0,0,0.2009175993337836,0,2.159941430662592,0,0,0,0,0,0,0,0,0,0,0,0,0,600,2,860,2,1,0,0,0,0,0,1,0,0,0,0,0,0
143,25.85620959256034,57.01242417587241,1.5622478849068346,3.410704896850109,0.2777989414853232,1.343015484890674,3.159860208624607,1.0271721967317986,0,1.160278481150686,2.8294291069308404,0,0,0.2009175993337836,0,2.159941430662592,0,0,0,0,0,0,0,0,0,0,0,0,0,600,2,880,2,1,0,0,0,0,0,1,0,0,0,0,0,0
144,25.85620959256034,57.01242417587241,1.5622478849068346,3.410704896850109,0.2777989414853232,1.343015484890674,3.159860208624607,1.0271721967317986,0,1.160278481150686,2.8294291069308404,0,0,0.2009175993337836,0,2.159941430662592,0,0,0,0,0,0,0,0,0,0,0,0,0,600,2,900,2,1,0,0,0,0,0,1,0,0,0,0,0,0
145,25.85620959256034,57.01242417587241,1.5622478849068346,3.410704896850109,0.2777989414853232,1.343015484890674,3.159860208624607,1.0271721967317986,0,1.160278481150686,2.8294291069308404,0,0,0.2009175993337836,0,2.159941430662592,0,0,0,0,0,0,0,0,0,0,0,0,0,600,2,920,2,1,0,0,0,0,0,1,0,0,0,0,0,0
146,27.1523777420295,55.86894995761382,1.5623477268327846,3.3927796653160933,0.2763389469983691,1.335957159926041,3.143253311350372,1.0348734755995808,0,1.1541805450795326,2.7932364013803874,0,0,0.1776548096627128,0,2.1080502582107914,0,0,0,0,0,0,0,0,0,0,0,0,0,600,2,920,2,1,0,0,0,0,0,1,0,0,0,0,0,0
147,3.396603396603396,62.63736263736264,11.888111888111888,0,2.097902097902097,0,0,3.196803196803197,0,0,0,0,0,0,0,0,0,0,16.78321678321678,0,0,0,0,0,0,0,0,0,0,480,2,725,1,0,0,0,0,1,0,0,0,0,0,0,0,0
148,3.396603396603396,62.63736263736264,11.888111888111888,0,2.097902097902097,0,0,3.196803196803197,0,0,0,0,0,0,0,0,0,0,16.78321678321678,0,0,0,0,0,0,0,0,0,0,500,2,725,1,0,0,0,0,1,0,0,0,0,0,0,0,0
149,3.396603396603396,62.63736263736264,11.888111888111888,0,2.097902097902097,0,0,3.196803196803197,0,0,0,0,0,0,0,0,0,0,16.78321678321678,0,0,0,0,0,0,0,0,0,0,520,2,725,1,0,0,0,0,1,0,0,0,0,0,0,0,0
150,3.396603396603396,62.63736263736264,11.888111888111888,0,2.097902097902097,0,0,3.196803196803197,0,0,0,0,0,0,0,0,0,0,16.78321678321678,0,0,0,0,0,0,0,0,0,0,540,2,725,1,0,0,0,0,1,0,0,0,0,0,0,0,0
151,3.396603396603396,62.63736263736264,11.888111888111888,0,2.097902097902097,0,0,3.196803196803197,0,0,0,0,0,0,0,0,0,0,16.78321678321678,0,0,0,0,0,0,0,0,0,0,560,2,725,1,0,0,0,0,1,0,0,0,0,0,0,0,0
152,3.396603396603396,62.63736263736264,11.888111888111888,0,2.097902097902097,0,0,3.196803196803197,0,0,0,0,0,0,0,0,0,0,16.78321678321678,0,0,0,0,0,0,0,0,0,0,480,2,750,1,0,0,0,0,1,0,0,0,0,0,0,0,0
153,3.396603396603396,62.63736263736264,11.888111888111888,0,2.097902097902097,0,0,3.196803196803197,0,0,0,0,0,0,0,0,0,0,16.78321678321678,0,0,0,0,0,0,0,0,0,0,500,2,750,1,0,0,0,0,1,0,0,0,0,0,0,0,0
154,3.396603396603396,62.63736263736264,11.888111888111888,0,2.097902097902097,0,0,3.196803196803197,0,0,0,0,0,0,0,0,0,0,16.78321678321678,0,0,0,0,0,0,0,0,0,0,520,2,750,1,0,0,0,0,1,0,0,0,0,0,0,0,0
155,3.396603396603396,62.63736263736264,11.888111888111888,0,2.097902097902097,0,0,3.196803196803197,0,0,0,0,0,0,0,0,0,0,16.78321678321678,0,0,0,0,0,0,0,0,0,0,540,2,750,1,0,0,0,0,1,0,0,0,0,0,0,0,0
156,3.396603396603396,62.63736263736264,11.888111888111888,0,2.097902097902097,0,0,3.196803196803197,0,0,0,0,0,0,0,0,0,0,16.78321678321678,0,0,0,0,0,0,0,0,0,0,560,2,750,1,0,0,0,0,1,0,0,0,0,0,0,0,0
157,3.396603396603396,62.63736263736264,11.888111888111888,0,2.097902097902097,0,0,3.196803196803197,0,0,0,0,0,0,0,0,0,0,16.78321678321678,0,0,0,0,0,0,0,0,0,0,480,2,775,1,0,0,0,0,1,0,0,0,0,0,0,0,0
158,3.396603396603396,62.63736263736264,11.888111888111888,0,2.097902097902097,0,0,3.196803196803197,0,0,0,0,0,0,0,0,0,0,16.78321678321678,0,0,0,0,0,0,0,0,0,0,500,2,775,1,0,0,0,0,1,0,0,0,0,0,0,0,0
159,3.396603396603396,62.63736263736264,11.888111888111888,0,2.097902097902097,0,0,3.196803196803197,0,0,0,0,0,0,0,0,0,0,16.78321678321678,0,0,0,0,0,0,0,0,0,0,520,2,775,1,0,0,0,0,1,0,0,0,0,0,0,0,0
160,3.396603396603396,62.63736263736264,11.888111888111888,0,2.097902097902097,0,0,3.196803196803197,0,0,0,0,0,0,0,0,0,0,16.78321678321678,0,0,0,0,0,0,0,0,0,0,540,2,775,1,0,0,0,0,1,0,0,0,0,0,0,0,0
161,3.396603396603396,62.63736263736264,11.888111888111888,0,2.097902097902097,0,0,3.196803196803197,0,0,0,0,0,0,0,0,0,0,16.78321678321678,0,0,0,0,0,0,0,0,0,0,560,2,775,1,0,0,0,0,1,0,0,0,0,0,0,0,0
162,3.396603396603396,62.63736263736264,11.888111888111888,0,2.097902097902097,0,0,3.196803196803197,0,0,0,0,0,0,0,0,0,0,16.78321678321678,0,0,0,0,0,0,0,0,0,0,580,2,725,1,0,0,1,0,1,0,0,0,0,0,0,0,0
163,3.396603396603396,62.63736263736264,11.888111888111888,0,2.097902097902097,0,0,3.196803196803197,0,0,0,0,0,0,0,0,0,0,16.78321678321678,0,0,0,0,0,0,0,0,0,0,600,2,725,1,0,0,1,0,1,0,0,0,0,0,0,0,0
164,3.396603396603396,62.63736263736264,11.888111888111888,0,2.097902097902097,0,0,3.196803196803197,0,0,0,0,0,0,0,0,0,0,16.78321678321678,0,0,0,0,0,0,0,0,0,0,620,2,725,1,0,0,1,0,1,0,0,0,0,0,0,0,0
165,3.396603396603396,62.63736263736264,11.888111888111888,0,2.097902097902097,0,0,3.196803196803197,0,0,0,0,0,0,0,0,0,0,16.78321678321678,0,0,0,0,0,0,0,0,0,0,580,2,750,1,0,0,1,0,1,0,0,0,0,0,0,0,0
166,3.396603396603396,62.63736263736264,11.888111888111888,0,2.097902097902097,0,0,3.196803196803197,0,0,0,0,0,0,0,0,0,0,16.78321678321678,0,0,0,0,0,0,0,0,0,0,600,2,750,1,0,0,1,0,1,0,0,0,0,0,0,0,0
167,3.396603396603396,62.63736263736264,11.888111888111888,0,2.097902097902097,0,0,3.196803196803197,0,0,0,0,0,0,0,0,0,0,16.78321678321678,0,0,0,0,0,0,0,0,0,0,620,2,750,1,0,0,1,0,1,0,0,0,0,0,0,0,0
168,3.396603396603396,62.63736263736264,11.888111888111888,0,2.097902097902097,0,0,3.196803196803197,0,0,0,0,0,0,0,0,0,0,16.78321678321678,0,0,0,0,0,0,0,0,0,0,580,2,775,1,0,0,1,0,1,0,0,0,0,0,0,0,0
169,3.396603396603396,62.63736263736264,11.888111888111888,0,2.097902097902097,0,0,3.196803196803197,0,0,0,0,0,0,0,0,0,0,16.78321678321678,0,0,0,0,0,0,0,0,0,0,600,2,775,1,0,0,1,0,1,0,0,0,0,0,0,0,0
170,3.396603396603396,62.63736263736264,11.888111888111888,0,2.097902097902097,0,0,3.196803196803197,0,0,0,0,0,0,0,0,0,0,16.78321678321678,0,0,0,0,0,0,0,0,0,0,620,2,775,1,0,0,1,0,1,0,0,0,0,0,0,0,0
171,3.396603396603396,62.63736263736264,11.888111888111888,0,2.097902097902097,0,0,3.196803196803197,0,0,0,0,0,0,0,0,0,0,16.78321678321678,0,0,0,0,0,0,0,0,0,0,480,2,800,1,0,0,1,0,1,0,0,0,0,0,0,0,0
172,3.396603396603396,62.63736263736264,11.888111888111888,0,2.097902097902097,0,0,3.196803196803197,0,0,0,0,0,0,0,0,0,0,16.78321678321678,0,0,0,0,0,0,0,0,0,0,500,2,800,1,0,0,1,0,1,0,0,0,0,0,0,0,0
173,3.396603396603396,62.63736263736264,11.888111888111888,0,2.097902097902097,0,0,3.196803196803197,0,0,0,0,0,0,0,0,0,0,16.78321678321678,0,0,0,0,0,0,0,0,0,0,520,2,800,1,0,0,1,0,1,0,0,0,0,0,0,0,0
174,3.396603396603396,62.63736263736264,11.888111888111888,0,2.097902097902097,0,0,3.196803196803197,0,0,0,0,0,0,0,0,0,0,16.78321678321678,0,0,0,0,0,0,0,0,0,0,540,2,800,1,0,0,1,0,1,0,0,0,0,0,0,0,0
175,3.396603396603396,62.63736263736264,11.888111888111888,0,2.097902097902097,0,0,3.196803196803197,0,0,0,0,0,0,0,0,0,0,16.78321678321678,0,0,0,0,0,0,0,0,0,0,560,2,800,1,0,0,1,0,1,0,0,0,0,0,0,0,0
176,3.396603396603396,62.63736263736264,11.888111888111888,0,2.097902097902097,0,0,3.196803196803197,0,0,0,0,0,0,0,0,0,0,16.78321678321678,0,0,0,0,0,0,0,0,0,0,580,2,800,1,0,0,1,0,1,0,0,0,0,0,0,0,0
177,3.396603396603396,62.63736263736264,11.888111888111888,0,2.097902097902097,0,0,3.196803196803197,0,0,0,0,0,0,0,0,0,0,16.78321678321678,0,0,0,0,0,0,0,0,0,0,600,2,800,1,0,0,1,0,1,0,0,0,0,0,0,0,0
178,3.396603396603396,62.63736263736264,11.888111888111888,0,2.097902097902097,0,0,3.196803196803197,0,0,0,0,0,0,0,0,0,0,16.78321678321678,0,0,0,0,0,0,0,0,0,0,620,2,800,1,0,0,1,0,1,0,0,0,0,0,0,0,0
179,3.396603396603396,62.63736263736264,11.888111888111888,0,2.097902097902097,0,0,3.196803196803197,0,0,0,0,0,0,0,0,0,0,16.78321678321678,0,0,0,0,0,0,0,0,0,0,480,2,825,1,0,0,1,0,0,0,0,0,0,0,0,0,0
180,3.396603396603396,62.63736263736264,11.888111888111888,0,2.097902097902097,0,0,3.196803196803197,0,0,0,0,0,0,0,0,0,0,16.78321678321678,0,0,0,0,0,0,0,0,0,0,500,2,825,1,0,0,1,0,0,0,0,0,0,0,0,0,0
181,3.396603396603396,62.63736263736264,11.888111888111888,0,2.097902097902097,0,0,3.196803196803197,0,0,0,0,0,0,0,0,0,0,16.78321678321678,0,0,0,0,0,0,0,0,0,0,520,2,825,1,0,0,1,0,0,0,0,0,0,0,0,0,0
182,3.396603396603396,62.63736263736264,11.888111888111888,0,2.097902097902097,0,0,3.196803196803197,0,0,0,0,0,0,0,0,0,0,16.78321678321678,0,0,0,0,0,0,0,0,0,0,540,2,825,1,0,0,1,0,0,0,0,0,0,0,0,0,0
183,3.396603396603396,62.63736263736264,11.888111888111888,0,2.097902097902097,0,0,3.196803196803197,0,0,0,0,0,0,0,0,0,0,16.78321678321678,0,0,0,0,0,0,0,0,0,0,560,2,825,1,0,0,1,0,0,0,0,0,0,0,0,0,0
184,3.396603396603396,62.63736263736264,11.888111888111888,0,2.097902097902097,0,0,3.196803196803197,0,0,0,0,0,0,0,0,0,0,16.78321678321678,0,0,0,0,0,0,0,0,0,0,580,2,825,1,0,0,1,0,0,0,0,0,0,0,0,0,0
185,3.396603396603396,62.63736263736264,11.888111888111888,0,2.097902097902097,0,0,3.196803196803197,0,0,0,0,0,0,0,0,0,0,16.78321678321678,0,0,0,0,0,0,0,0,0,0,600,2,825,1,0,0,1,0,0,0,0,0,0,0,0,0,0
186,3.396603396603396,62.63736263736264,11.888111888111888,0,2.097902097902097,0,0,3.196803196803197,0,0,0,0,0,0,0,0,0,0,16.78321678321678,0,0,0,0,0,0,0,0,0,0,620,2,825,1,0,0,1,0,0,0,0,0,0,0,0,0,0
187,3.396603396603396,62.63736263736264,11.888111888111888,0,2.097902097902097,0,0,3.196803196803197,0,0,0,0,0,0,0,0,0,0,16.78321678321678,0,0,0,0,0,0,0,0,0,0,480,2,850,1,0,0,1,0,0,0,0,0,0,0,0,0,0
188,3.396603396603396,62.63736263736264,11.888111888111888,0,2.097902097902097,0,0,3.196803196803197,0,0,0,0,0,0,0,0,0,0,16.78321678321678,0,0,0,0,0,0,0,0,0,0,500,2,850,1,0,0,1,0,0,0,0,0,0,0,0,0,0
189,3.396603396603396,62.63736263736264,11.888111888111888,0,2.097902097902097,0,0,3.196803196803197,0,0,0,0,0,0,0,0,0,0,16.78321678321678,0,0,0,0,0,0,0,0,0,0,520,2,850,1,0,0,1,0,0,0,0,0,0,0,0,0,0
190,3.396603396603396,62.63736263736264,11.888111888111888,0,2.097902097902097,0,0,3.196803196803197,0,0,0,0,0,0,0,0,0,0,16.78321678321678,0,0,0,0,0,0,0,0,0,0,540,2,850,1,0,0,1,0,0,0,0,0,0,0,0,0,0
191,3.396603396603396,62.63736263736264,11.888111888111888,0,2.097902097902097,0,0,3.196803196803197,0,0,0,0,0,0,0,0,0,0,16.78321678321678,0,0,0,0,0,0,0,0,0,0,560,2,850,1,0,0,1,0,0,0,0,0,0,0,0,0,0
192,3.396603396603396,62.63736263736264,11.888111888111888,0,2.097902097902097,0,0,3.196803196803197,0,0,0,0,0,0,0,0,0,0,16.78321678321678,0,0,0,0,0,0,0,0,0,0,580,2,850,1,0,0,1,0,0,0,0,0,0,0,0,0,0
193,3.396603396603396,62.63736263736264,11.888111888111888,0,2.097902097902097,0,0,3.196803196803197,0,0,0,0,0,0,0,0,0,0,16.78321678321678,0,0,0,0,0,0,0,0,0,0,600,2,850,1,0,0,1,0,0,0,0,0,0,0,0,0,0
194,3.396603396603396,62.63736263736264,11.888111888111888,0,2.097902097902097,0,0,3.196803196803197,0,0,0,0,0,0,0,0,0,0,16.78321678321678,0,0,0,0,0,0,0,0,0,0,620,2,850,1,0,0,1,0,0,0,0,0,0,0,0,0,0
195,3.396603396603396,62.63736263736264,11.888111888111888,0,2.097902097902097,0,0,3.196803196803197,0,0,0,0,0,0,0,0,0,0,16.78321678321678,0,0,0,0,0,0,0,0,0,0,480,2,875,1,0,0,1,0,0,0,0,0,0,0,0,0,0
196,3.396603396603396,62.63736263736264,11.888111888111888,0,2.097902097902097,0,0,3.196803196803197,0,0,0,0,0,0,0,0,0,0,16.78321678321678,0,0,0,0,0,0,0,0,0,0,500,2,875,1,0,0,1,0,0,0,0,0,0,0,0,0,0
197,3.396603396603396,62.63736263736264,11.888111888111888,0,2.097902097902097,0,0,3.196803196803197,0,0,0,0,0,0,0,0,0,0,16.78321678321678,0,0,0,0,0,0,0,0,0,0,520,2,875,1,0,0,1,0,0,0,0,0,0,0,0,0,0
198,3.396603396603396,62.63736263736264,11.888111888111888,0,2.097902097902097,0,0,3.196803196803197,0,0,0,0,0,0,0,0,0,0,16.78321678321678,0,0,0,0,0,0,0,0,0,0,540,2,875,1,0,0,1,0,0,0,0,0,0,0,0,0,0
199,3.396603396603396,62.63736263736264,11.888111888111888,0,2.097902097902097,0,0,3.196803196803197,0,0,0,0,0,0,0,0,0,0,16.78321678321678,0,0,0,0,0,0,0,0,0,0,560,2,875,1,0,0,1,0,0,0,0,0,0,0,0,0,0
200,3.396603396603396,62.63736263736264,11.888111888111888,0,2.097902097902097,0,0,3.196803196803197,0,0,0,0,0,0,0,0,0,0,16.78321678321678,0,0,0,0,0,0,0,0,0,0,580,2,875,1,0,0,1,0,0,0,0,0,0,0,0,0,0
201,3.396603396603396,62.63736263736264,11.888111888111888,0,2.097902097902097,0,0,3.196803196803197,0,0,0,0,0,0,0,0,0,0,16.78321678321678,0,0,0,0,0,0,0,0,0,0,600,2,875,1,0,0,1,0,0,0,0,0,0,0,0,0,0
202,3.396603396603396,62.63736263736264,11.888111888111888,0,2.097902097902097,0,0,3.196803196803197,0,0,0,0,0,0,0,0,0,0,16.78321678321678,0,0,0,0,0,0,0,0,0,0,620,2,875,1,0,0,1,0,0,0,0,0,0,0,0,0,0
203,3.396603396603396,62.63736263736264,11.888111888111888,0,2.097902097902097,0,0,3.196803196803197,0,0,0,0,0,0,0,0,0,0,16.78321678321678,0,0,0,0,0,0,0,0,0,0,480,2,900,1,0,0,1,0,0,0,0,0,0,0,0,0,0
204,3.396603396603396,62.63736263736264,11.888111888111888,0,2.097902097902097,0,0,3.196803196803197,0,0,0,0,0,0,0,0,0,0,16.78321678321678,0,0,0,0,0,0,0,0,0,0,500,2,900,1,0,0,1,0,0,0,0,0,0,0,0,0,0
205,3.396603396603396,62.63736263736264,11.888111888111888,0,2.097902097902097,0,0,3.196803196803197,0,0,0,0,0,0,0,0,0,0,16.78321678321678,0,0,0,0,0,0,0,0,0,0,520,2,900,1,0,0,1,0,0,0,0,0,0,0,0,0,0
206,3.396603396603396,62.63736263736264,11.888111888111888,0,2.097902097902097,0,0,3.196803196803197,0,0,0,0,0,0,0,0,0,0,16.78321678321678,0,0,0,0,0,0,0,0,0,0,540,2,900,1,0,0,1,0,0,0,0,0,0,0,0,0,0
207,3.396603396603396,62.63736263736264,11.888111888111888,0,2.097902097902097,0,0,3.196803196803197,0,0,0,0,0,0,0,0,0,0,16.78321678321678,0,0,0,0,0,0,0,0,0,0,560,2,900,1,0,0,1,0,0,0,0,0,0,0,0,0,0
208,3.396603396603396,62.63736263736264,11.888111888111888,0,2.097902097902097,0,0,3.196803196803197,0,0,0,0,0,0,0,0,0,0,16.78321678321678,0,0,0,0,0,0,0,0,0,0,580,2,900,1,0,0,1,0,0,0,0,0,0,0,0,0,0
209,3.396603396603396,62.63736263736264,11.888111888111888,0,2.097902097902097,0,0,3.196803196803197,0,0,0,0,0,0,0,0,0,0,16.78321678321678,0,0,0,0,0,0,0,0,0,0,600,2,900,1,0,0,1,0,0,0,0,0,0,0,0,0,0
210,3.396603396603396,62.63736263736264,11.888111888111888,0,2.097902097902097,0,0,3.196803196803197,0,0,0,0,0,0,0,0,0,0,16.78321678321678,0,0,0,0,0,0,0,0,0,0,620,2,900,1,0,0,1,0,0,0,0,0,0,0,0,0,0
211,11,66,11,0.5,4.5,3,0,0.5,0,0,0,1.5,0,0,0,0,0,0,0,0,0.5,1.5,0,0,0,0,0,0,0,660,0.5,730,0.5,0,0,1,1,0,0,0,0,0,0,0,0,0
212,11,66,11,0.5,4.5,3,0,0.5,0,0,0,1.5,0,0,0,0,0,0,0,0,0.5,1.5,0,0,0,0,0,0,0,660,0.5,830,1.5,0,0,1,1,0,0,0,0,0,0,0,0,0
213,10.5,69,10.5,0.5,4,1.5,0,0.5,0,0,0,1.5,0,0,0,0,0,0,0,0,0.5,1.5,0,0,0,0,0,0,0,710,0.5,870,1.5,0,0,1,1,0,0,0,0,0,0,0,0,0
214,25.5,59,4,2,2,0,2,0,4,0,0,0,0,0,0,1.5,0,0,0,0,0,0,0,0,0,0,0,0,0,700,6,730,2,1,0,0,0,0,0,0,0,0,0,0,0,0
215,25.5,59,4,2,2,0,2,0,4,0,0,0,0,0,0,1.5,0,0,0,0,0,0,0,0,0,0,0,0,0,700,6,740,2,1,0,0,0,0,0,0,0,0,0,0,0,0
216,25.5,59,4,2,2,0,2,0,4,0,0,0,0,0,0,1.5,0,0,0,0,0,0,0,0,0,0,0,0,0,700,6,745,2,1,0,0,0,0,0,0,0,0,0,0,0,0
217,24.5,59,4,2,3,0,2,0,4,0,0,0,0,0,0,1.5,0,0,0,0,0,0,0,0,0,0,0,0,0,700,6,730,2,1,0,0,0,0,0,0,0,0,0,0,0,0
218,24.5,59,4,2,3,0,2,0,4,0,0,0,0,0,0,1.5,0,0,0,0,0,0,0,0,0,0,0,0,0,700,6,740,2,1,0,0,0,0,0,0,0,0,0,0,0,0
219,24.5,59,4,2,3,0,2,0,4,0,0,0,0,0,0,1.5,0,0,0,0,0,0,0,0,0,0,0,0,0,700,6,745,2,1,0,0,0,0,0,0,0,0,0,0,0,0
220,23.5,59,4,2,4,0,2,0,4,0,0,0,0,0,0,1.5,0,0,0,0,0,0,0,0,0,0,0,0,0,700,6,730,2,1,0,0,0,0,0,0,0,0,0,0,0,0
221,23.5,59,4,2,4,0,2,0,4,0,0,0,0,0,0,1.5,0,0,0,0,0,0,0,0,0,0,0,0,0,700,6,740,2,1,0,0,0,0,0,0,0,0,0,0,0,0
222,23.5,59,4,2,4,0,2,0,4,0,0,0,0,0,0,1.5,0,0,0,0,0,0,0,0,0,0,0,0,0,700,6,745,2,1,0,0,0,0,0,0,0,0,0,0,0,0
223,22.5,59,4,2,5,0,2,0,4,0,0,0,0,0,0,1.5,0,0,0,0,0,0,0,0,0,0,0,0,0,700,6,730,2,1,0,0,0,0,0,0,0,0,0,0,0,0
224,22.5,59,4,2,5,0,2,0,4,0,0,0,0,0,0,1.5,0,0,0,0,0,0,0,0,0,0,0,0,0,700,6,740,2,1,0,0,0,0,0,0,0,0,0,0,0,0
225,22.5,59,4,2,5,0,2,0,4,0,0,0,0,0,0,1.5,0,0,0,0,0,0,0,0,0,0,0,0,0,700,6,745,2,1,0,0,0,0,0,0,0,0,0,0,0,0
226,21.5,59,4,2,6,0,2,0,4,0,0,0,0,0,0,1.5,0,0,0,0,0,0,0,0,0,0,0,0,0,700,6,730,2,1,0,0,0,0,0,0,0,0,0,0,0,0
227,21.5,59,4,2,6,0,2,0,4,0,0,0,0,0,0,1.5,0,0,0,0,0,0,0,0,0,0,0,0,0,700,6,740,2,1,0,0,0,0,0,0,0,0,0,0,0,0
228,21.5,59,4,2,6,0,2,0,4,0,0,0,0,0,0,1.5,0,0,0,0,0,0,0,0,0,0,0,0,0,700,6,745,2,1,0,0,0,0,0,0,0,0,0,0,0,0
229,25.5,59,4,2,2,0,2,0,4,0,0,0,0,0,0,1.5,0,0,0,0,0,0,0,0,0,0,0,0,0,720,6,870,1.5,0,1,0,0,0,0,0,0,0,0,0,0,0
230,24.5,59,4,2,3,0,2,0,4,0,0,0,0,0,0,1.5,0,0,0,0,0,0,0,0,0,0,0,0,0,720,6,870,1.5,0,1,0,0,0,0,0,0,0,0,0,0,0
231,23.5,59,4,2,4,0,2,0,4,0,0,0,0,0,0,1.5,0,0,0,0,0,0,0,0,0,0,0,0,0,720,6,870,1.5,0,1,0,0,0,0,0,0,0,0,0,0,0
232,22.5,59,4,2,5,0,2,0,4,0,0,0,0,0,0,1.5,0,0,0,0,0,0,0,0,0,0,0,0,0,720,6,870,1.5,0,1,0,0,0,0,0,0,0,0,0,0,0
233,21.5,59,4,2,6,0,2,0,4,0,0,0,0,0,0,1.5,0,0,0,0,0,0,0,0,0,0,0,0,0,720,6,870,1.5,0,1,0,0,0,0,0,0,0,0,0,0,0
234,18.141858141858144,70.84915084915086,3.286713286713287,1.5184815184815186,0,0.8191808191808191,2.067932067932068,0.1698301698301698,1.0889110889110891,1.3586413586413588,0.6793206793206794,0,0,0,0,0,0,0,0,0,0,0,0,0,0.0199800199800199,0,0,0,0,800,0.25,915,0.19,1,0,0,0,0,0,0,0,0,0,0,0,0
235,18.09923130677848,71.33872416891283,3.1047219726465007,1.3876410102825196,0,0.5091344713986223,2.316062693421184,0.0898472596585804,1.0382350004991514,1.3876410102825196,0.6688629330138764,0.0399321154038135,0,0,0,0,0,0,0,0,0,0,0,0,0.0199660577019067,0,0,0,0,800,0.25,1125,0.54,0,1,0,0,0,0,0,0,0,0,0,0,0
236,5.1,71.7,12.6,0,2.5,0,0,4.9,0,0,0,0,0,0,0,0,3.2,0,0,0,0,0,0,0,0,0,0,0,0,600,2,800,2,0,0,1,0,0,0,0,0,0,0,0,0,0
237,5.1,71.7,12.6,0,2.5,0,0,4.9,0,0,0,0,0,0,0,0,3.2,0,0,0,0,0,0,0,0,0,0,0,0,600,2,800,3,0,0,1,0,0,0,0,0,0,0,0,0,0
238,5.1,71.7,12.6,0,2.5,0,0,4.9,0,0,0,0,0,0,0,0,3.2,0,0,0,0,0,0,0,0,0,0,0,0,600,2,800,4,0,0,1,0,0,0,0,0,0,0,0,0,0
239,5.1,71.7,12.6,0,2.5,0,0,4.9,0,0,0,0,0,0,0,0,3.2,0,0,0,0,0,0,0,0,0,0,0,0,600,2,800,5,0,0,1,0,0,0,0,0,0,0,0,0,0
240,20.142014201420142,66.45664566456647,2.9902990299029906,2.01020102010201,0.8000800080008,1.2401240124012405,2.8202820282028203,0.28002800280028,0,1.0001000100010002,1.5101510151015105,0.25002500250025,0,0,0,0.5000500050005001,0,0,0,0,0,0,0,0,0,0,0,0,0,868,2,919,2,1,0,0,0,0,0,0,0,0,0,0,0,0
241,20.05,66.17999999999999,3.28,2.01,0.8899999999999998,1.2299999999999998,2.81,0.2799999999999999,0,1,1.4999999999999998,0.2699999999999999,0,0,0,0.4999999999999999,0,0,0,0,0,0,0,0,0,0,0,0,0,858,2,907,2,1,0,0,0,0,0,0,0,0,0,0,0,0
242,20.010010010010006,66.02602602602602,3.513513513513513,2.002002002002002,0.9409409409409408,1.2312312312312312,2.8028028028028023,0.2802802802802803,0,1.001001001001001,1.4014014014014011,0.2902902902902902,0,0,0,0.5005005005005005,0,0,0,0,0,0,0,0,0,0,0,0,0,843,2,893,2,1,0,0,0,0,0,0,0,0,0,0,0,0
243,19.888011198880115,65.64343565643436,3.849615038496151,1.9898010198980105,1.0298970102989702,1.2198780121987802,2.7897210278972104,0.27997200279972,0,0.9999000099990002,1.4898510148985102,0.31996800319968,0,0,0,0.4999500049995001,0,0,0,0,0,0,0,0,0,0,0,0,0,830,2,885,2,1,0,0,0,0,0,0,0,0,0,0,0,0
244,19.80603879224155,65.36692661467707,4.129174165166967,1.9796040791841631,1.1097780443911218,1.219756048790242,2.779444111177764,0.2799440111977605,0,0.9998000399920016,1.4897020595880823,0.3399320135972806,0,0,0,0.4999000199960008,0,0,0,0,0,0,0,0,0,0,0,0,0,820,2,876,2,1,0,0,0,0,0,0,0,0,0,0,0,0
245,9,46,9,0,0,4,1,0,0,9,0,0,0,0,0,0,22,0,0,0,0,0,0,0,0,0,0,0,0,673,2,790,2,0,1,0,0,0,0,0,0,0,0,0,0,0
246,9.090909090909092,46.464646464646464,9.090909090909092,0,0,4.040404040404041,0,0,0,9.090909090909092,0,0,0,0,0,0,22.22222222222222,0,0,0,0,0,0,0,0,0,0,0,0,665,2,790,2,0,1,0,0,0,0,0,0,0,0,0,0,0
247,9.090909090909092,46.464646464646464,9.090909090909092,0,0,4.040404040404041,0,0,0,9.090909090909092,0,0,0,0,0,0,22.22222222222222,0,0,0,0,0,0,0,0,0,0,0,0,660,2,790,2,0,1,0,0,0,0,0,0,0,0,0,0,0
248,9.090909090909092,46.464646464646464,9.090909090909092,0,0,4.040404040404041,0,0,0,9.090909090909092,0,0,0,0,0,0,22.22222222222222,0,0,0,0,0,0,0,0,0,0,0,0,650,2,790,2,0,1,0,0,0,0,0,0,0,0,0,0,0
249,25.4,66.79000000000002,7.1000000000000005,0,0.13,0.23,0,0.25,0,0,0,0,0,0.1,0,0,0,0,0,0,0,0,0,0,0,0,0,0,0,850,4,950,4,0,1,0,0,0,0,0,0,0,0,0,0,0
250,10.5,66,10.5,0.5,4.5,3,0,0.5,0,0,0,2.45,0,0,0,0,0,0,0,0,0.55,1.5,0,0,0,0,0,0,0,630,0.5,730,0.5,0,0,1,0,0,0,0,1,0,0,0,0,0
251,10.5,66,10.5,0.5,4.5,3,0,0.5,0,0,0,2.45,0,0,0,0,0,0,0,0,0.55,1.5,0,0,0,0,0,0,0,630,0.5,770,0.5,0,0,1,0,0,0,0,1,0,0,0,0,0
252,10.5,66,10.5,0.5,4.5,3,0,0.5,0,0,0,2.45,0,0,0,0,0,0,0,0,0.55,1.5,0,0,0,0,0,0,0,630,0.5,850,0.5,0,0,1,0,0,0,0,1,0,0,0,0,0
253,20,68.2222222222222,4.5555555555555545,2.1111111111111107,0,0,2.444444444444444,0,1.111111111111111,1.5555555555555551,0,0,0,0,0,0,0,0,0,0,0,0,0,0,0,0,0,0,0,860,6,925,1.5,1,0,0,0,0,0,0,0,0,0,0,0,0
254,22.000000000000004,63.20000000000001,4.1000000000000005,2.0000000000000004,1.2000000000000002,0.6000000000000001,2.0000000000000004,0.3,1.5000000000000002,1.0000000000000002,0,0,0,0,0,1.1000000000000003,1.0000000000000002,0,0,0,0,0,0,0,0,0,0,0,0,600,2,765,2,1,0,0,0,0,0,0,0,0,0,0,0,0
255,22.000000000000004,63.20000000000001,4.1000000000000005,2.0000000000000004,1.2000000000000002,0.6000000000000001,2.0000000000000004,0.3,1.5000000000000002,1.0000000000000002,0,0,0,0,0,1.1000000000000003,1.0000000000000002,0,0,0,0,0,0,0,0,0,0,0,0,600,2,800,2,1,1,0,0,0,0,0,0,0,0,0,0,0
256,22.000000000000004,63.20000000000001,4.1000000000000005,2.0000000000000004,1.2000000000000002,0.6000000000000001,2.0000000000000004,0.3,1.5000000000000002,1.0000000000000002,0,0,0,0,0,1.1000000000000003,1.0000000000000002,0,0,0,0,0,0,0,0,0,0,0,0,600,2,860,2,0,1,0,0,0,0,0,0,0,0,0,0,0
257,21.463414634146343,61.658536585365866,4,1.9512195121951224,1.170731707317073,0.5853658536585367,1.9512195121951224,0.2926829268292683,1.4634146341463417,0.9756097560975612,0,0,0,0,0,1.0731707317073174,0.9756097560975612,0,0,0,0,0,0,0,0,0,0,2.439024390243903,0,570,2,770,2,1,1,0,0,0,0,0,0,0,0,0,0,0
258,21.463414634146343,61.658536585365866,4,1.9512195121951224,1.170731707317073,0.5853658536585367,1.9512195121951224,0.2926829268292683,1.4634146341463417,0.9756097560975612,0,0,0,0,0,1.0731707317073174,0.9756097560975612,0,0,0,0,0,0,0,0,0,0,2.439024390243903,0,570,2,840,2,0,1,0,0,0,0,0,0,0,0,0,0,0
259,19,59,3.5000000000000004,2,7.000000000000001,0,2,0,1,1.5,0,0,0,0,0,0,5,0,0,0,0,0,0,0,0,0,0,0,0,675,5,750,1,0,1,0,0,0,0,0,0,0,0,0,0,0
260,19,59,3.5000000000000004,2,7.000000000000001,0,2,0,1,1.5,0,0,0,0,0,0,5,0,0,0,0,0,0,0,0,0,0,0,0,675,5,800,1,0,1,0,0,0,0,0,0,0,0,0,0,0
261,19,59,3.5000000000000004,2,7.000000000000001,0,2,0,1,1.5,0,0,0,0,0,0,5,0,0,0,0,0,0,0,0,0,0,0,0,675,5,850,1,0,1,0,0,0,0,0,0,0,0,0,0,0
262,25.3,57.60000000000001,4,2,8.1,0,1,0,1,1,0,0,0,0,0,0,0,0,0,0,0,0,0,0,0,0,0,0,0,600,3,840,2,1,0,0,0,0,0,0,0,0,0,0,0,0
263,25,56.99999999999999,4,2,8,0,2,0,1,1,0,0,0,0,0,0,0,0,0,0,0,0,0,0,0,0,0,0,0,600,3,840,2,1,0,0,0,0,0,0,0,0,0,0,0,0
264,24.8,56.3,4,2,7.9,0,3,0,1,1,0,0,0,0,0,0,0,0,0,0,0,0,0,0,0,0,0,0,0,600,3,840,2,1,0,0,0,0,0,0,0,0,0,0,0,0
265,24.5,55.8,3.9,2,7.8,0,4,0,1,1,0,0,0,0,0,0,0,0,0,0,0,0,0,0,0,0,0,0,0,600,3,840,2,1,0,0,0,0,0,0,0,0,0,0,0,0
266,24.94,56.7,4,2,8,0,2.36,0,1,1,0,0,0,0,0,0,0,0,0,0,0,0,0,0,0,0,0,0,0,600,3,840,2,1,0,0,0,0,0,0,0,0,0,0,0,0
267,20,63.63636363636363,4.545454545454546,7.575757575757576,0,1.0101010101010102,1.2121212121212122,0,0,0,2.0202020202020203,0,0,0,0,0,0,0,0,0,0,0,0,0,0,0,0,0,0,751,2,884,2,0,1,0,0,0,0,0,0,0,0,0,0,0
268,20,63.63636363636363,4.545454545454546,7.575757575757576,0,1.0101010101010102,1.2121212121212122,0,0,0,2.0202020202020203,0,0,0,0,0,0,0,0,0,0,0,0,0,0,0,0,0,0,795,4,958,4,0,1,0,0,0,0,0,0,0,0,0,0,0
269,19.899497487437188,63.31658291457286,4.522613065326634,7.537688442211055,0,1.507537688442211,1.2060301507537687,0,0,0,2.010050251256281,0,0,0,0,0,0,0,0,0,0,0,0,0,0,0,0,0,0,772,2,929,2,0,1,0,0,0,0,0,0,0,0,0,0,0
270,19.899497487437188,63.31658291457286,4.522613065326634,7.537688442211055,0,1.507537688442211,1.2060301507537687,0,0,0,2.010050251256281,0,0,0,0,0,0,0,0,0,0,0,0,0,0,0,0,0,0,781,4,945,4,0,1,0,0,0,0,0,0,0,0,0,0,0
271,19.8,63,4.5,7.5,0,2,1.2,0,0,0,2,0,0,0,0,0,0,0,0,0,0,0,0,0,0,0,0,0,0,781,2,945,2,0,1,0,0,0,0,0,0,0,0,0,0,0
272,19.8,63,4.5,7.5,0,2,1.2,0,0,0,2,0,0,0,0,0,0,0,0,0,0,0,0,0,0,0,0,0,0,772,4,929,4,0,1,0,0,0,0,0,0,0,0,0,0,0
273,19.603960396039604,62.37623762376238,4.455445544554455,7.425742574257425,0,2.9702970297029703,1.188118811881188,0,0,0,1.98019801980198,0,0,0,0,0,0,0,0,0,0,0,0,0,0,0,0,0,0,795,2,958,2,0,1,0,0,0,0,0,0,0,0,0,0,0
274,19.603960396039604,62.37623762376238,4.455445544554455,7.425742574257425,0,2.9702970297029703,1.188118811881188,0,0,0,1.98019801980198,0,0,0,0,0,0,0,0,0,0,0,0,0,0,0,0,0,0,751,4,884,4,0,1,0,0,0,0,0,0,0,0,0,0,0
275,21,56.00000000000001,5.5,1.5,0,0,2,0,3,0,0,1,0,0,0,0,10,0,0,0,0,0,0,0,0,0,0,0,0,660,2,835,2,0,1,0,0,0,0,0,0,0,0,0,0,0
276,21.39213921392139,50.32503250325032,10.17101710171017,0,0,0,0,0,0,0,0,0,0,0,0,0,18.11181118111811,0,0,0,0,0,0,0,0,0,0,0,0,760,0.5,870,2,1,1,0,0,0,0,0,0,0,0,0,0,0
277,18,67,3.5000000000000004,2,3,3,2,1.5,0,0,0,0,0,0,0,0,0,0,0,0,0,0,0,0,0,0,0,0,0,760,0.5,870,2,1,1,0,0,0,0,0,0,0,0,0,0,0
278,18,63,3.5000000000000004,2,3.5000000000000004,3,2,1.5,0,0,0,0,0,0,0,0,2.5,0,0,0,0,1,0,0,0,0,0,0,0,700,0.5,800,2,1,1,0,0,0,0,0,0,0,0,0,0,0
279,17.68844221105528,64.321608040201,3.5175879396984926,0,3.015075376884422,3.015075376884422,3.015075376884422,0,0,0,2.412060301507537,0,0,0,0,0,3.015075376884422,0,0,0,0,0,0,0,0,0,0,0,0,750,0.5,830,2,1,1,0,0,0,0,0,0,0,0,0,0,0
280,7.092907092907093,72.82717282717283,11.78821178821179,3.796203796203796,1.898101898101898,1.598401598401599,0,0,0,0,0,0,0,0,0,0,0.999000999000999,0,0,0,0,0,0,0,0,0,0,0,0,550,2,690,1,0,0,1,1,0,0,0,0,0,0,0,0,0
281,7.592407592407594,72.52747252747254,11.18881118881119,3.796203796203797,2.0979020979020984,1.598401598401599,0,0,0,0,0,0,0,0,0,0,1.198801198801199,0,0,0,0,0,0,0,0,0,0,0,0,550,4,690,4,0,0,1,1,0,0,0,0,0,0,0,0,0
282,8.149999999999999,72.31,10.579999999999998,3.749999999999999,2.25,1.59,0,0,0,0,0,0,0,0,0,0,1.37,0,0,0,0,0,0,0,0,0,0,0,0,550,3,690,3,0,0,1,1,0,0,0,0,0,0,0,0,0
283,7.559999999999999,72.03999999999999,11.099999999999998,3.729999999999999,2.0499999999999994,1.59,0,0,0,0,0,0,0,0,0,0,1.93,0,0,0,0,0,0,0,0,0,0,0,0,550,2,690,2,0,0,1,1,0,0,0,0,0,0,0,0,0
284,7.489251074892511,71.36286371362864,10.998900109989002,3.6996300369963007,2.0297970202979703,1.5698430156984304,0,0,0,0,0,0,0,0,0,0,2.84971502849715,0,0,0,0,0,0,0,0,0,0,0,0,550,2,690,1,0,0,1,1,0,0,0,0,0,0,0,0,0
285,7.350000000000001,70.05000000000001,10.800000000000002,3.630000000000001,2.0000000000000004,1.5400000000000005,0,0,0,0,0,0,0,0,0,0,4.630000000000001,0,0,0,0,0,0,0,0,0,0,0,0,550,4,690,3,0,0,1,1,0,0,0,0,0,0,0,0,0
286,9.490000000000002,70.71000000000001,11.18,3.76,2.07,1.6000000000000003,0,0,0,0,0,0,0,0,0,0,1.1900000000000002,0,0,0,0,0,0,0,0,0,0,0,0,550,4,690,3,0,0,1,1,0,0,0,0,0,0,0,0,0
287,11.37,68.83000000000001,11.18,3.76,2.07,1.6000000000000003,0,0,0,0,0,0,0,0,0,0,1.1900000000000002,0,0,0,0,0,0,0,0,0,0,0,0,550,4,690,4,0,0,1,1,0,0,0,0,0,0,0,0,0
288,13.25,66.95,11.18,3.76,2.07,1.6000000000000003,0,0,0,0,0,0,0,0,0,0,1.1900000000000002,0,0,0,0,0,0,0,0,0,0,0,0,550,4,690,4,0,0,1,1,0,0,0,0,0,0,0,0,0
289,13.25,66.95,11.18,3.76,2.07,1.6000000000000003,0,0,0,0,0,0,0,0,0,0,1.1900000000000002,0,0,0,0,0,0,0,0,0,0,0,0,550,5,690,4,0,0,1,1,0,0,0,0,0,0,0,0,0
290,15.130000000000004,65.07000000000001,11.18,3.76,2.07,1.6000000000000003,0,0,0,0,0,0,0,0,0,0,1.1900000000000002,0,0,0,0,0,0,0,0,0,0,0,0,570,4,710,4,0,0,1,1,0,0,0,0,0,0,0,0,0
291,9.72,71.5,8.8,3.7000000000000006,2.78,1.5700000000000005,0,0,0,0,0,0,0,0,0,0,1.93,0,0,0,0,0,0,0,0,0,0,0,0,550,2,690,2,0,0,1,1,0,0,0,0,0,0,0,0,0
292,8.720872087208722,72.45724572457245,10.04100410041004,3.7503750375037503,1.88018801880188,1.59015901590159,0,0,0,0,0,0,0,0,0,0,1.56015601560156,0,0,0,0,0,0,0,0,0,0,0,0,530,4,660,4,0,0,1,1,0,0,0,0,0,0,0,0,0
293,8.560856085608563,71.10711071107112,9.850985098509852,5.520552055205521,1.8401840184018408,1.5701570157015703,0,0,0,0,0,0,0,0,0,0,1.5501550155015504,0,0,0,0,0,0,0,0,0,0,0,0,540,4,675,4,0,0,1,1,0,0,0,0,0,0,0,0,0
294,8.41,69.79999999999998,9.669999999999998,7.229999999999999,1.81,1.5399999999999998,0,0,0,0,0,0,0,0,0,0,1.5399999999999998,0,0,0,0,0,0,0,0,0,0,0,0,550,4,690,5,0,0,1,1,0,0,0,0,0,0,0,0,0
295,7.08,72.87,11.79,3.77,1.89,1.6,0,0,0,0,0,0,0,0,0,0,1,0,0,0,0,0,0,0,0,0,0,0,0,550,4,690,6,0,0,1,1,0,0,0,0,0,0,0,0,0
296,7.610000000000001,72.59,11.18,3.76,2.07,1.6000000000000003,0,0,0,0,0,0,0,0,0,0,1.1900000000000002,0,0,0,0,0,0,0,0,0,0,0,0,550,4,660,6,0,0,1,1,0,0,0,0,0,0,0,0,0
297,8.3,71.81,10.78,3.82,2.29,1.6200000000000003,0,0,0,0,0,0,0,0,0,0,1.38,0,0,0,0,0,0,0,0,0,0,0,0,560,4,700,4,0,0,1,1,0,0,0,0,0,0,0,0,0
298,7.590379518975948,73.43367168358418,11.160558027901397,3.750187509375469,2.060103005150258,1.6000800040002,0,0,0,0,0,0,0.2150107505375268,0,0,0,0.1900095004750237,0,0,0,0,0,0,0,0,0,0,0,0,560,4,710,4,0,0,1,1,0,0,0,0,0,0,0,0,0
299,9.299721008369747,72.07783766487003,10.959671209863703,3.6798896033119006,2.029939101826945,0,0,1.559953201403958,0,0,0,0,0.2129936101916942,0,0,0,0.1799946001619951,0,0,0,0,0,0,0,0,0,0,0,0,560,4,710,4.5,0,0,1,1,0,0,0,0,0,0,0,0,0
300,8.33916608339166,72.64273572642736,10.23897610238976,5.23947605239476,1.3998600139986,1.87981201879812,0,0.25997400259974,0,0,0,0,0,0,0,0,0,0,0,0,0,0,0,0,0,0,0,0,0,560,4,720,4,0,0,1,1,0,0,0,0,0,0,0,0,0
301,22.14,65.6,4.2,2.2,1.4,0.5,2,0.3,0,0,1.5,0,0.16,0,0,0,0,0,0,0,0,0,0,0,0,0,0,0,0,780,3,870,1,1,0,0,0,0,0,0,0,0,0,0,0,0
302,22.2,65.69999999999999,4.199999999999999,2.2,1.3999999999999997,0.4999999999999999,2,0.3,0,0,1.4999999999999998,0,0,0,0,0,0,0,0,0,0,0,0,0,0,0,0,0,0,780,3,870,1,1,0,0,0,0,0,0,0,0,0,0,0,0
303,22.2,64.8,4.199999999999999,2.2,1.3999999999999997,0.4999999999999999,2,0.3,0,0,1.4999999999999998,0,0.8999999999999999,0,0,0,0,0,0,0,0,0,0,0,0,0,0,0,0,780,3,870,1,1,0,0,0,0,0,0,0,0,0,0,0,0
304,22.2,65.19999999999999,3.6,2,0.6999999999999998,0.4,2.5,0.4999999999999999,0.4999999999999999,1.2,1.2,0,0,0,0,0,0,0,0,0,0,0,0,0,0,0,0,0,0,700,2.5,950,1.75,1,0,0,0,0,0,0,0,0,0,0,0,0
305,22.5,68.5,4.5,0,0,0,4.5,0,0,0,0,0,0,0,0,0,0,0,0,0,0,0,0,0,0,0,0,0,0,700,2.5,950,1.75,1,0,0,0,0,0,0,0,0,0,0,0,0
306,21.5,68.7,4.4,2.1,0,1,2.3,0,0,0,0,0,0,0,0,0,0,0,0,0,0,0,0,0,0,0,0,0,0,700,2.5,950,1.75,1,0,0,0,0,0,0,0,0,0,0,0,0
307,18.26,67.445,3.3300000000000005,1.8000000000000005,0,0.2,1.5,0,1.17,2.62,3.36,0,0.3,0.015,0,0,0,0,0,0,0,0,0,0,0,0,0,0,0,730,2,1030,0.35,0,1,0,0,0,0,0,0,0,0,0,0,0
308,22.59036144578313,65.44678714859438,4.116465863453815,1.8072289156626509,0,0.2008032128514056,1.6064257028112452,0,0.4016064257028113,2.5100401606425704,1.0040160642570282,0,0.3012048192771084,0.0150602409638554,0,0,0,0,0,0,0,0,0,0,0,0,0,0,0,730,2,1125,0.35,0,1,0,0,0,0,0,0,0,0,0,0,0
309,20.5,65.205,3.3300000000000005,1.8000000000000005,0,0.2,1.5,0,1.17,2.62,3.36,0,0.3,0.015,0,0,0,0,0,0,0,0,0,0,0,0,0,0,0,730,2,1125,0.35,0,1,0,0,0,0,0,0,0,0,0,0,0
310,20.5,65.205,3.3300000000000005,1.8000000000000005,0,0.2,1.5,0,1.17,2.62,3.36,0,0.3,0.015,0,0,0,0,0,0,0,0,0,0,0,0,0,0,0,730,2,1105,0.35,0,1,0,0,0,0,0,0,0,0,0,0,0
311,20.5,65.205,3.3300000000000005,1.8000000000000005,0,0.2,1.5,0,1.17,2.62,3.36,0,0.3,0.015,0,0,0,0,0,0,0,0,0,0,0,0,0,0,0,730,4,1100,0.35,0,1,0,0,0,0,0,0,0,0,0,0,0
312,20.65491183879093,66.55415617128463,3.758186397984886,1.81360201511335,0,0.2015113350125944,1.5113350125944582,0,1.1788413098236774,2.639798488664987,1.370277078085642,0,0.3022670025188916,0.0151133501259445,0,0,0,0,0,0,0,0,0,0,0,0,0,0,0,750,2,1070,0.35,0,1,0,0,0,0,0,0,0,0,0,0,0
313,18.26,67.195,3.3300000000000005,1.8000000000000005,0,0.2,1.7500000000000002,0,1.17,2.62,3.36,0,0.3,0.015,0,0,0,0,0,0,0,0,0,0,0,0,0,0,0,730,2,1040,0.35,0,1,0,0,0,0,0,0,0,0,0,0,0
314,18.26,67.04499999999999,3.33,1.7999999999999998,0,0.2,1.7499999999999998,0,1.1699999999999997,2.62,3.359999999999999,0,0.4499999999999999,0.0149999999999999,0,0,0,0,0,0,0,0,0,0,0,0,0,0,0,730,2,1040,0.35,0,1,0,0,0,0,0,0,0,0,0,0,0
315,20.5,66.455,3.3300000000000005,1.8000000000000005,0,0.2,1.5,0,1.17,2.62,1.36,0.75,0.3,0.015,0,0,0,0,0,0,0,0,0,0,0,0,0,0,0,750,1,1070,0.35,0,1,0,0,0,0,0,0,0,0,0,0,0
316,20.5,66.455,3.3300000000000005,1.8000000000000005,0,0.2,1.5,0,1.17,2.62,1.36,0.75,0.3,0.015,0,0,0,0,0,0,0,0,0,0,0,0,0,0,0,750,2,1070,0.35,0,1,0,0,0,0,0,0,0,0,0,0,0
317,20.5,66.455,3.3300000000000005,1.8000000000000005,0,0.2,1.5,0,1.17,2.62,1.36,0.75,0.3,0.015,0,0,0,0,0,0,0,0,0,0,0,0,0,0,0,750,2,1090,0.35,0,1,0,0,0,0,0,0,0,0,0,0,0
318,22.5,65.385,4.1,1.8000000000000005,0,0.2,1.6,0,0.4,2.5,1,0.4,0.1,0.015,0,0,0,0,0,0,0,0,0,0,0,0,0,0,0,750,2,1100,0.35,0,1,0,0,0,0,0,0,0,0,0,0,0
319,22.5,65.385,4.1,1.8000000000000005,0,0.2,1.6,0,0.4,2.5,1,0.4,0.1,0.015,0,0,0,0,0,0,0,0,0,0,0,0,0,0,0,750,4,1100,0.35,0,1,0,0,0,0,0,0,0,0,0,0,0
320,20,66.835,3.45,1.8000000000000005,0,0.2,1.5,0,1.17,2.62,1.36,0.75,0.3,0.015,0,0,0,0,0,0,0,0,0,0,0,0,0,0,0,750,4,1065,0.35,0,1,0,0,0,0,0,0,0,0,0,0,0
321,20.5,64.105,3.3300000000000005,1.8000000000000005,1.1,0.2,1.5,0,1.17,2.62,3.36,0,0.3,0.015,0,0,0,0,0,0,0,0,0,0,0,0,0,0,0,750,4,1100,0.35,0,1,0,0,0,0,0,0,0,0,0,0,0
322,20.5,64.105,3.3300000000000005,1.8000000000000005,1.1,0.2,1.5,0,1.17,2.62,3.36,0,0.3,0.015,0,0,0,0,0,0,0,0,0,0,0,0,0,0,0,730,2,1080,0.35,0,1,0,0,0,0,0,0,0,0,0,0,0
323,18.26,66.815,3.3300000000000005,1.8000000000000005,0,0.2,1.5,0,1.8000000000000005,2.62,3.36,0,0.3,0.015,0,0,0,0,0,0,0,0,0,0,0,0,0,0,0,730,2,1025,0.35,0,1,0,0,0,0,0,0,0,0,0,0,0
324,20.5,66.76099999999998,3.33,1.7999999999999998,0,0.2,1.4999999999999998,0,1.1699999999999997,2.62,1,0.8999999999999999,0.2,0.0189999999999999,0,0,0,0,0,0,0,0,0,0,0,0,0,0,0,750,1,1070,0.35,0,1,0,0,0,0,0,0,0,0,0,0,0
325,20.5,66.76099999999998,3.33,1.7999999999999998,0,0.2,1.4999999999999998,0,1.1699999999999997,2.62,1,0.8999999999999999,0.2,0.0189999999999999,0,0,0,0,0,0,0,0,0,0,0,0,0,0,0,750,0.25,1100,0.33,0,1,0,0,0,0,0,0,0,0,0,0,0
326,20.5,66.76099999999998,3.33,1.7999999999999998,0,0.2,1.4999999999999998,0,1.1699999999999997,2.62,1,0.8999999999999999,0.2,0.0189999999999999,0,0,0,0,0,0,0,0,0,0,0,0,0,0,0,750,0.25,1160,0.35,0,1,0,0,0,0,0,0,0,0,0,0,0
327,20.5,66.745,3.33,1.7999999999999998,0,0.2,1.4999999999999998,0,1.1699999999999997,2.62,1,0.8999999999999999,0.2,0.0349999999999999,0,0,0,0,0,0,0,0,0,0,0,0,0,0,0,750,1,1075,0.33,0,1,0,0,0,0,0,0,0,0,0,0,0
328,20.5,66.745,3.33,1.7999999999999998,0,0.2,1.4999999999999998,0,1.1699999999999997,2.62,1,0.8999999999999999,0.2,0.0349999999999999,0,0,0,0,0,0,0,0,0,0,0,0,0,0,0,750,0.25,1110,0.33,0,1,0,0,0,0,0,0,0,0,0,0,0
329,20.5,66.737,3.33,1.7999999999999998,0,0.2,1.4999999999999998,0,1.1699999999999997,2.62,1,0.8999999999999999,0.2,0.0429999999999999,0,0,0,0,0,0,0,0,0,0,0,0,0,0,0,750,1,1075,0.3,0,1,0,0,0,0,0,0,0,0,0,0,0
330,20.5,66.91299999999998,3.33,1.6499999999999997,0,0.2,1.4999999999999998,0,1.1699999999999997,2.62,1,0.8999999999999999,0.2,0.0169999999999999,0,0,0,0,0,0,0,0,0,0,0,0,0,0,0,750,0.75,1050,0.35,0,1,0,0,0,0,0,0,0,0,0,0,0
331,20.5,66.91299999999998,3.33,1.6499999999999997,0,0.2,1.4999999999999998,0,1.1699999999999997,2.62,1,0.8999999999999999,0.2,0.0169999999999999,0,0,0,0,0,0,0,0,0,0,0,0,0,0,0,750,0.166,1075,0.35,0,1,0,0,0,0,0,0,0,0,0,0,0
332,20.5,67.41,3.33,1.6499999999999997,0,0.2,1.4999999999999998,0,1.1699999999999997,2.12,1,0.8999999999999999,0.2,0.0199999999999999,0,0,0,0,0,0,0,0,0,0,0,0,0,0,0,750,1,1055,0.33,0,1,0,0,0,0,0,0,0,0,0,0,0
333,20.34,64.7,2.9,0.67,0,0.61,3.36,0.2,0.69,3.19,2.47,0.44,0.3,0.08,0,0,0,0,0,0,0,0,0.05,0,0,0,0,0,0,750,0.4,860,0.27,1,1,0,0,0,0,0,0,0,0,0,0,0
334,19.680000000000003,65.45,2.9000000000000004,0.6700000000000002,0,0.61,3.4300000000000006,0.2,1.4600000000000002,1.96,2.7700000000000005,0.44,0.3,0.06,0,0,0,0,0,0,0,0,0.07,0,0,0,0,0,0,750,0.4,860,0.27,1,1,0,0,0,0,0,0,0,0,0,0,0
335,19.058094190580945,62.27377262273773,2.8297170282971704,0.6599340065993401,2.26977302269773,0.1999800019998,4.499550044995501,0.1999800019998,0.81991800819918,3.0996900309969004,2.6797320267973204,0.9699030096990302,0.28997100289971,0.0999900009999,0,0,0,0,0,0,0,0,0.04999500049995,0,0,0,0,0,0,750,0.4,860,0.27,1,1,0,0,0,0,0,0,0,0,0,0,0
336,19.65,63.88000000000002,2.64,0.6700000000000002,2.1300000000000003,0.6000000000000001,3.3100000000000005,0.2,0.39,3.2100000000000004,2.4200000000000004,0.44,0.29,0.1,0,0,0,0,0,0,0,0,0.07,0,0,0,0,0,0,750,0.4,860,0.27,1,0,0,0,0,0,0,0,0,0,0,0,0
337,19.65,63.61000000000002,2.900000000000001,0.6800000000000003,2.130000000000001,0.6000000000000002,3.3200000000000007,0.2,0.3900000000000001,3.210000000000001,2.4100000000000006,0.4400000000000001,0.2900000000000001,0.1,0,0,0,0,0,0,0,0,0.07,0,0,0,0,0,0,750,0.4,860,0.27,1,1,0,0,0,0,0,0,0,0,0,0,0
338,20.340000000000003,64.66000000000001,2.9000000000000004,0.6700000000000002,0,0.61,3.3600000000000003,0.2,0.6900000000000001,3.1900000000000004,2.4700000000000006,0.44,0.3,0.1,0,0,0,0,0,0,0,0,0.07,0,0,0,0,0,0,750,0.4,860,0.27,1,1,0,0,0,0,0,0,0,0,0,0,0
339,20.4283855469923,65.6390751676509,2.4522069862876594,0.6706035431888702,0,0.6105494945450907,3.3430087078370536,0.2001801621459313,1.301171053948554,1.9617655890301275,2.4822340106095493,0.440396356721049,0.300270243218897,0.1000900810729656,0,0,0,0,0,0,0,0,0.0700630567510759,0,0,0,0,0,0,750,0.4,860,0.27,1,0,0,0,0,0,0,0,0,0,0,0,0
340,21.340000000000003,64.74000000000001,3.94,1.66,0.1,2.0000000000000004,2.07,0,1.4500000000000002,0,2.5000000000000004,0.2,0,0,0,0,0,0,0,0,0,0,0,0,0,0,0,0,0,500,2,1100,3.5,0,1,0,0,0,0,0,0,0,0,0,0,0
341,21.340000000000003,64.74000000000001,3.94,1.66,0.1,2.0000000000000004,2.07,0,1.04,0.41,2.5000000000000004,0.2,0,0,0,0,0,0,0,0,0,0,0,0,0,0,0,0,0,500,2,1100,3.5,0,1,0,0,0,0,0,0,0,0,0,0,0
342,21.340000000000003,64.74000000000001,3.94,1.66,0.1,2.0000000000000004,2.07,0,0.6200000000000001,0.83,2.5000000000000004,0.2,0,0,0,0,0,0,0,0,0,0,0,0,0,0,0,0,0,500,2,1100,3.5,0,1,0,0,0,0,0,0,0,0,0,0,0
343,21.340000000000003,64.74000000000001,3.94,1.66,0.1,2.0000000000000004,2.07,0,0,1.4500000000000002,2.5000000000000004,0.2,0,0,0,0,0,0,0,0,0,0,0,0,0,0,0,0,0,500,2,1100,3.5,0,1,0,0,0,0,0,0,0,0,0,0,0
344,8.91089108910891,45.54455445544555,8.91089108910891,0,0,3.96039603960396,0.99009900990099,0,0,9.9009900990099,0,0,0,0,0,0,21.782178217821784,0,0,0,0,0,0,0,0,0,0,0,0,673,2,790,2,0,1,0,0,0,0,0,0,0,0,0,0,0
345,20.795388587554783,64.88801713267817,3.902888137221544,1.4110441726877885,0.0920681304165081,0.6204591397634247,3.1223105097772343,0.2601925424814362,0.3102295698817123,1.4911034165282304,2.261673638492484,0.4303184356423752,0.2601925424814362,0.0940696115125192,0,0.0180133298640994,0,0.0170125893160939,0,0,0.025018513700138,0,0,0,0,0,0,0,0,780,2,930,2,1,0,0,0,0,1,0,0,0,0,0,0,0
346,20.795388587554783,64.88801713267817,3.902888137221544,1.4110441726877885,0.0920681304165081,0.6204591397634247,3.1223105097772343,0.2601925424814362,0.3102295698817123,1.4911034165282304,2.261673638492484,0.4303184356423752,0.2601925424814362,0.0940696115125192,0,0.0180133298640994,0,0.0170125893160939,0,0,0.025018513700138,0,0,0,0,0,0,0,0,780,2,965,0.75,0,0,0,0,0,1,0,0,0,0,0,0,0
347,20.795388587554783,64.88801713267817,3.902888137221544,1.4110441726877885,0.0920681304165081,0.6204591397634247,3.1223105097772343,0.2601925424814362,0.3102295698817123,1.4911034165282304,2.261673638492484,0.4303184356423752,0.2601925424814362,0.0940696115125192,0,0.0180133298640994,0,0.0170125893160939,0,0,0.025018513700138,0,0,0,0,0,0,0,0,780,2,965,0.75,1,0,0,0,0,1,0,0,0,0,0,0,0
348,20.795388587554783,64.88801713267817,3.902888137221544,1.4110441726877885,0.0920681304165081,0.6204591397634247,3.1223105097772343,0.2601925424814362,0.3102295698817123,1.4911034165282304,2.261673638492484,0.4303184356423752,0.2601925424814362,0.0940696115125192,0,0.0180133298640994,0,0.0170125893160939,0,0,0.025018513700138,0,0,0,0,0,0,0,0,780,2,930,0.75,1,0,0,0,0,1,0,0,0,0,0,0,0
349,20.795388587554783,64.88801713267817,3.902888137221544,1.4110441726877885,0.0920681304165081,0.6204591397634247,3.1223105097772343,0.2601925424814362,0.3102295698817123,1.4911034165282304,2.261673638492484,0.4303184356423752,0.2601925424814362,0.0940696115125192,0,0.0180133298640994,0,0.0170125893160939,0,0,0.025018513700138,0,0,0,0,0,0,0,0,780,2,1120,2,0,0,0,0,0,1,0,0,0,0,0,0,0
350,20.795388587554783,64.88801713267817,3.902888137221544,1.4110441726877885,0.0920681304165081,0.6204591397634247,3.1223105097772343,0.2601925424814362,0.3102295698817123,1.4911034165282304,2.261673638492484,0.4303184356423752,0.2601925424814362,0.0940696115125192,0,0.0180133298640994,0,0.0170125893160939,0,0,0.025018513700138,0,0,0,0,0,0,0,0,780,2,1000,2,0,0,0,0,0,1,0,0,0,0,0,0,0
351,21.06318956870612,63.99197592778335,3.871614844533601,1.6048144433299902,1.0631895687061184,0.4513540621865597,2.968906720160482,0.1504513540621865,0.5717151454363089,1.1835506519558676,0.8525576730190573,0.481444332998997,0,0.1705115346038114,0.2407221664994985,0,0,0,0,0,0.1303911735205617,1.2036108324974926,0,0,0,0,0,0,0,780,2,930,2,0,0,0,0,0,1,0,0,0,0,0,0,0
352,21.521521521521528,63.16316316316318,4.034034034034035,1.4814814814814818,0.9109109109109113,0.6406406406406407,3.023023023023024,0.2202202202202202,0.4704704704704706,1.3313313313313315,1.741741741741742,0.4404404404404405,0,0.1301301301301301,0.7207207207207208,0,0,0,0,0,0.1701701701701702,0,0,0,0,0,0,0,0,780,2,930,2,0,0,0,0,0,1,0,0,0,0,0,0,0
353,20.600206002060016,65.33065330653305,3.840038400384002,1.3600136001360013,0,0.5900059000590003,3.1200312003120025,0.2800028000280002,0.3100031000310002,1.5000150001500012,2.2900229002290016,0.4200042000420003,0.2400024000240001,0.0950009500095,0,0,0,0,0,0,0.0240002400024,0,0,0,0,0,0,0,0,750,0.42,910,0.166,1,0,0,0,0,0,0,0,0,0,0,0,0
354,20.43836493080554,64.83481321494283,3.8096952243820494,1.3498920086393091,0,0.589952803775698,3.0997520198384136,0.2799776017918567,0.3099752019838413,1.4898808095352374,2.2698184145268385,0.419966402687785,0,0.0939924806015519,0.9899208063354934,0,0,0,0,0,0.0239980801535877,0,0,0,0,0,0,0,0,750,0.42,910,0.166,1,0,0,0,0,0,0,0,0,0,0,0,0
355,25.5,59,4,0,6,0,0,0,4,0,0,0,0,0,0,1.5,0,0,0,0,0,0,0,0,0,0,0,0,0,750,4,900,2,1,0,0,0,0,0,0,0,0,0,0,0,0
356,25.5,59,4,0,6,0,0,0,4,0,0,0,0,0,0,1.5,0,0,0,0,0,0,0,0,0,0,0,0,0,750,4,950,2,1,0,0,0,0,0,0,0,0,0,0,0,0
357,25.5,59,4,0,6,0,0,0,4,0,0,0,0,0,0,1.5,0,0,0,0,0,0,0,0,0,0,0,0,0,750,4,1000,2,1,0,0,0,0,0,0,0,0,0,0,0,0
358,25.5,59,4,0,6,0,0,0,4,0,0,0,0,0,0,1.5,0,0,0,0,0,0,0,0,0,0,0,0,0,750,4,1050,2,1,0,0,0,0,0,0,0,0,0,0,0,0
359,25.5,59,4,2,4,0,0,0,4,0,0,0,0,0,0,1.5,0,0,0,0,0,0,0,0,0,0,0,0,0,750,4,900,2,1,0,0,0,0,0,0,0,0,0,0,0,0
360,25.5,59,4,2,4,0,0,0,4,0,0,0,0,0,0,1.5,0,0,0,0,0,0,0,0,0,0,0,0,0,750,4,950,2,1,0,0,0,0,0,0,0,0,0,0,0,0
361,25.5,59,4,2,4,0,0,0,4,0,0,0,0,0,0,1.5,0,0,0,0,0,0,0,0,0,0,0,0,0,750,4,1000,2,1,0,0,0,0,0,0,0,0,0,0,0,0
362,25.5,59,4,2,4,0,0,0,4,0,0,0,0,0,0,1.5,0,0,0,0,0,0,0,0,0,0,0,0,0,750,4,1050,2,1,1,0,0,0,0,0,0,0,0,0,0,0
363,25.5,59,4,3,3,0,0,0,4,0,0,0,0,0,0,1.5,0,0,0,0,0,0,0,0,0,0,0,0,0,750,4,900,2,1,0,0,0,0,0,0,0,0,0,0,0,0
364,25.5,59,4,3,3,0,0,0,4,0,0,0,0,0,0,1.5,0,0,0,0,0,0,0,0,0,0,0,0,0,750,4,950,2,1,0,0,0,0,0,0,0,0,0,0,0,0
365,25.5,59,4,3,3,0,0,0,4,0,0,0,0,0,0,1.5,0,0,0,0,0,0,0,0,0,0,0,0,0,750,4,1000,2,1,0,0,0,0,0,0,0,0,0,0,0,0
366,25.5,59,4,3,3,0,0,0,4,0,0,0,0,0,0,1.5,0,0,0,0,0,0,0,0,0,0,0,0,0,750,4,1050,2,1,1,0,0,0,0,0,0,0,0,0,0,0
367,25.5,59,4,4,2,0,0,0,4,0,0,0,0,0,0,1.5,0,0,0,0,0,0,0,0,0,0,0,0,0,750,4,900,2,1,0,0,0,0,0,0,0,0,0,0,0,0
368,25.5,59,4,4,2,0,0,0,4,0,0,0,0,0,0,1.5,0,0,0,0,0,0,0,0,0,0,0,0,0,750,4,950,2,1,1,0,0,0,0,0,0,0,0,0,0,0
369,25.5,59,4,4,2,0,0,0,4,0,0,0,0,0,0,1.5,0,0,0,0,0,0,0,0,0,0,0,0,0,750,4,1000,2,1,1,0,0,0,0,0,0,0,0,0,0,0
370,25.5,59,4,4,2,0,0,0,4,0,0,0,0,0,0,1.5,0,0,0,0,0,0,0,0,0,0,0,0,0,750,4,1050,2,1,1,0,0,0,0,0,0,0,0,0,0,0
371,1.03,62.3,14.52,1.63,5.3,0,3.39,10.23,0,0,0,0.84,0,0,0,0,0,0,0,0,0,0.76,0,0,0,0,0,0,0,520,0.5,800,0.33,0,0,0,0,1,0,0,0,0,0,0,0,0
372,1.0500000000000005,65.53000000000002,17.940000000000005,1.63,6.080000000000001,0,3.450000000000001,3.5500000000000003,0,0,0,0,0,0,0,0,0,0,0,0,0,0.7700000000000001,0,0,0,0,0,0,0,550,0.5,820,0.5,0,0,1,0,1,0,0,0,0,0,0,0,0
373,1.0399999999999998,65.10999999999999,17.819999999999993,1.6199999999999997,6.039999999999998,0,3.429999999999999,3.529999999999999,0,0,0,0.6499999999999998,0,0,0,0,0,0,0,0,0,0.7599999999999998,0,0,0,0,0,0,0,550,0.5,820,0.5,0,0,1,0,1,0,0,1,0,0,0,0,0
374,0.9999999999999996,66.53999999999999,17.089999999999993,1.5499999999999996,5.789999999999998,0,3.289999999999999,3.3899999999999992,0,0,0,0.6199999999999998,0,0,0,0,0,0,0,0,0,0.7299999999999998,0,0,0,0,0,0,0,550,0.5,820,0.5,0,0,1,0,1,0,0,1,0,0,0,0,0
375,0.9599999999999996,67.96,16.369999999999997,1.4799999999999998,5.539999999999999,0,3.1499999999999995,3.25,0,0,0,0.5899999999999999,0,0,0,0,0,0,0,0,0,0.6999999999999998,0,0,0,0,0,0,0,550,0.5,820,0.5,0,0,1,0,1,0,0,1,0,0,0,0,0
376,1.25,65.28,17.58,1.56,6.47,0,3.42,1.97,0,0,0,1.71,0,0,0,0,0,0,0,0,0,0.76,0,0,0,0,0,0,0,550,0.5,850,0.5,0,0,1,0,1,0,0,1,0,0,0,0,0
377,21.505161238697287,66.41593982555814,3.730895414899576,1.8004321037048892,0,0.4901176282307753,2.1005041209890374,0.0500120028806913,0.7301752420580939,1.6403936944866766,0.7201728414819556,0.1500360086420741,0.2400576138273185,0.0180043210370488,0,0,0,0.3600864207409778,0,0.0480115227654637,0,0,0,0,0,0,0,0,0,750,0.5,897,0.16,1,0,0,0,0,0,0,0,0,0,0,0,0
378,21.31982743951875,66.46180948281902,3.593341807881329,1.7516290149839349,0,0.5004654328525527,2.1119641266377727,0.0700651605993574,0.8307726185352378,1.7015824716986796,0.7306795319647271,0.1201117038846126,0.2402234077692253,0.019017686448397,0,0,0,0.5004654328525527,0,0.048044681553845,0,0,0,0,0,0,0,0,0,740,0.5,896,0.16,1,0,0,0,0,0,0,0,0,0,0,0,0
379,21.418848586756347,66.75874769797423,3.523100328288895,1.7715589718952682,0,0.3503082712787253,2.171911281928097,0.1901673472655937,0.8907838898230445,1.741532548642806,0.1201056930098487,0.2402113860196974,0.2201937705180559,0.0210184962767235,0,0,0,0.5304668107934984,0,0.0510449195291856,0,0,0,0,0,0,0,0,0,745,0.5,895,0.16,1,0,0,0,0,0,0,0,0,0,0,0,0
380,21.00336053768602,66.71067370779322,3.5705712914066234,1.7602816450632095,0,0.260041606657065,2.260361657865257,0.1400224035845735,0.9301488238118096,1.7902864458313323,0.540086413826212,0.250040006401024,0.2200352056329012,0.0220035205632901,0,0,0,0.4900784125460072,0,0.052008321331413,0,0,0,0,0,0,0,0,0,744,0.5,892,0.16,1,0,0,0,0,0,0,0,0,0,0,0,0
381,21.11625951983028,66.55124445823286,3.662820371686199,1.761356244308118,0,0.3802928254756163,2.191687599451578,0.1200924712028262,0.8806781221540589,1.7713639502416865,0.5604315322798558,0.2201695305385147,0.2201695305385147,0.0200154118671377,0,0,0,0.4903775907448737,0,0.0530408414479149,0,0,0,0,0,0,0,0,0,740,0.5,896,0.16,1,0,0,0,0,0,0,0,0,0,0,0,0
382,21.509679355710063,66.4298934520534,3.751688259716872,1.760792356560452,0,0.4502025911660246,2.1809814416487416,0.1800810364664098,0.440198089140113,1.7908058626381869,0.4902205992696712,0.2501125506477915,0.2000900405182331,0.0210094542544144,0,0,0,0.4902205992696712,0,0.0540243109399229,0,0,0,0,0,0,0,0,0,735,0.5,892,0.16,1,0,0,0,0,0,0,0,0,0,0,0,0
383,21.52109066885548,66.26493964084803,3.693619747352405,1.761726491962123,0,0.4904806710576364,2.182138495725812,0.1000980961342115,0.6306180056455326,1.8117755400292288,0.5305199095113211,0.2402354307221076,0.1801765730415807,0.0190186382655001,0,0,0,0.5205100998978999,0,0.0530519909511321,0,0,0,0,0,0,0,0,0,735,0.5,892,0.16,1,0,0,0,0,0,0,0,0,0,0,0,0
384,21.607778800368138,66.22384058260975,3.661318074506823,1.7606338281781444,0,0.4901764635268697,2.380857108559081,0.1000360129646673,0.6402304829738706,1.820655435956945,0.52018726741627,0.2400864311152015,0,0.0190068424632867,0,0,0,0.5301908687127367,0,0.0050018006482333,0,0,0,0,0,0,0,0,0,735,0.5,892,0.16,1,0,0,0,0,0,0,0,0,0,0,0,0
385,22.21177223928682,65.8348924930213,3.40180295556645,1.8309704143195893,0,0.1400742393468538,2.1411348014447658,0,0.7303871051657378,0.3201696899356659,2.111118893013297,0.4502386264720301,0.2601378730727285,0.0200106056209791,0,0,0,0.5202757461454571,0,0.0270143175883218,0,0,0,0,0,0,0,0,0,770,0.5,922,0.16,1,0,0,0,0,0,0,0,0,0,0,0,0
386,22.31137880318963,67.03418743559216,3.441755295200553,1.9910154178631103,0,0.6103112587419585,1.7709031606119123,0.2401224624558525,0,0.1900969494442165,2.121081751693364,0,0.2601326676605069,0.0290147975467488,0,0,0,0,0,0,0,0,0,0,0,0,0,0,0,775,0.5,944,0.16,1,0,0,0,0,0,0,0,0,0,0,0,0
387,22.69,64.5,4.07,1.89,1.3,0.56,2.14,0.22,1.18,1,0,0,0.45,0,0,0,0,0,0,0,0,0,0,0,0,0,0,0,0,740,1,900,0.25,1,0,0,0,0,0,0,0,0,0,0,0,0
388,22.85,64.96,4.1,1.9,1.31,0.56,2.16,0.22,1.19,0,0,0,0.45,0,0,0,0,0,0,0.3,0,0,0,0,0,0,0,0,0,740,1,900,0.25,1,0,0,0,0,0,0,0,0,0,0,0,0
389,22.610000000000007,66.13000000000001,4.000000000000002,1.9600000000000009,1.3300000000000003,0.3000000000000001,1.5000000000000004,0,1.0200000000000002,0.4600000000000002,0,0,0.4400000000000001,0,0,0,0,0,0,0.2500000000000001,0,0,0,0,0,0,0,0,0,740,1,900,0.25,1,0,0,0,0,0,0,0,0,0,0,0,0
390,22.83,64.89,4.09,1.9,1.31,0.57,2.15,0.22,1.19,0.3,0,0,0.45,0,0,0,0,0,0,0.1,0,0,0,0,0,0,0,0,0,740,1,900,0.25,1,0,0,0,0,0,0,0,0,0,0,0,0
391,22.8,64.82,4.09,1.9,1.31,0.57,2.15,0.22,1.19,0.3,0,0,0.45,0,0,0,0,0,0,0.2,0,0,0,0,0,0,0,0,0,740,1,900,0.25,1,0,0,0,0,0,0,0,0,0,0,0,0
392,22.78,64.74,4.09,1.9,1.31,0.57,2.15,0.22,1.19,0.3,0,0,0.45,0,0,0,0,0,0,0.3,0,0,0,0,0,0,0,0,0,740,1,900,0.25,1,0,0,0,0,0,0,0,0,0,0,0,0
393,22.84972580329036,64.9492206093527,4.099950800590392,1.8999772002735968,1.3099842801886377,0.5699931600820789,2.149974200309596,0.2199973600316795,1.1999856001727978,0.2999964000431994,0,0,0.2499970000359995,0,0,0,0,0,0,0.1999976000287996,0,0,0.0011999856001727,0,0,0,0,0,0,740,1,900,0.25,1,0,0,0,0,0,0,0,0,0,0,0,0
394,22.522274529509687,65.96523962198614,3.813771820330307,2.0019799581786386,0,0.3503464926812617,2.052029457133105,0,0.8708612818077077,0,1.551534467588445,0.2202177953996502,0.2001979958178639,0,0,0,0,0.3002969937267958,0,0.1501484968633979,0,0,0.0011010889769982,0,0,0,0,0,0,740,1,900,0.25,1,0,0,0,0,0,0,0,0,0,0,0,0
395,19.908560681092872,67.32895144912312,2.7912002160929203,1.8207829366627653,0.0300129055493862,0.1400602258971358,2.4110367458006947,0.1900817351461128,2.240963614354173,1.5306581830186985,0.8403613553828148,0,0,0.0170073131446522,0.750322638734656,0,0,0,0,0,0,0,0,0,0,0,0,0,0,770,0.5,905,0.25,1,0,0,0,0,0,0,0,0,0,0,0,0
396,20.706211863559066,65.1195358607582,2.870861258377513,1.4004201260378109,0,0.5601680504151244,3.140942282684805,0.2500750225067519,1.5604681404421323,1.3804141242372707,2.2606782034610378,0.4301290387116133,0.2300690207062118,0.0900270081024307,0,0,0,0,0,0,0,0,0,0,0,0,0,0,0,790,0.25,903,0.25,1,0,0,0,0,0,0,0,0,0,0,0,0
397,21.10886572360392,67.2282358590608,2.6611176694211567,1.8207647211828968,0.0300126052942235,0.4001680705896476,2.1909201864783205,0.1000420176474119,2.4010084235378857,1.640689089417555,0,0.2000840352948238,0.1900798335300826,0.0120050421176894,0,0,0,0,0,0.0160067228235859,0,0,0,0,0,0,0,0,0,765,0.5,898,0.25,1,0,0,0,0,0,0,0,0,0,0,0,0
398,20.004801152276546,67.51620388893335,3.7108906137473,1.8204369048571656,0.0300072017284148,0.1400336080659358,2.380571337120909,0.1800432103704889,1.0402496599183804,1.5303672881491557,0.8201968472433383,0,0,0.0160038409218212,0.8101944466672001,0,0,0,0,0,0,0,0,0,0,0,0,0,0,765,0.5,898,0.25,1,0,0,0,0,0,0,0,0,0,0,0,0
399,20.612573669938666,65.2397962757282,2.8517395611322907,1.390848417534696,0.0600366223396271,0.5503357047799158,3.131910465383884,0.2101281781886951,1.5709582845535777,1.400854521257967,2.201342819119663,0.4302624601006614,0.2301403856352374,0.0920561542540949,0,0,0,0,0,0,0.0270164800528322,0,0,0,0,0,0,0,0,775,0.5,899,0.25,1,0,0,0,0,0,0,0,0,0,0,0,0
400,20.61092378960849,65.13452129628703,2.1211241958237865,1.3907370906580487,0,0.5402863517664362,3.151670385304211,0.2101113590202807,2.4412938857594524,1.4207529990895174,2.201166618307703,0.430228020851051,0.2301219646412598,0.091048255575455,0,0,0,0,0,0,0.0260137873072728,0,0,0,0,0,0,0,0,775,0.5,911,0.25,1,0,0,0,0,0,0,0,0,0,0,0,0
401,19.80911219160814,65.43009784500872,2.6612241631150333,1.5507133281309404,0.0600276127018428,0.5002301058486904,3.251495688016488,0.2201012465734238,1.7508053704704165,1.6907777577685734,2.020929627628709,0.6703083418372452,0.2501150529243452,0.0870400384176721,0,0,0,0,0,0,0.0270124257158292,0,0,0,0.0200092042339476,0,0,0,0,770,0.5,900,0.25,1,0,0,0,0,0,0,0,0,0,0,0,0
402,19.508974128098927,65.63018988734818,2.5811873461792425,1.510694919663045,0.0600276127018428,0.5902715249014547,3.4015647197710948,0.2201012465734238,1.6007363387158091,1.570722532364888,2.281049282670028,0.6603037397202715,0.2501150529243452,0.0870400384176721,0,0,0,0,0,0,0.0270124257158292,0,0,0,0.0200092042339476,0,0,0,0,790,0.25,900,0.25,1,0,0,0,0,0,0,0,0,0,0,0,0
403,18.01873948906864,65.16777448546489,2.5826859934331714,1.4414991591254909,0,0.5305517738447988,3.2934251621686563,0.2102186273724674,1.6316969648434376,1.3814366941619287,1.42147833747097,3.023144069832626,0.2402498598542484,0.0920957796107952,0,0,0.9409786177624732,0,0,0,0.0240249859854248,0,0,0,0,0,0,0,0,765,0.5,850,0.25,1,0,0,0,0,0,0,0,0,0,0,0,0
404,18.52037240965061,66.17279006907597,2.7229952948243064,1.511662829112023,0,0.5606166783461808,3.3637000700770843,0.2202422664931424,1.651816998698568,1.4115527079787764,1.451596756432075,2.0422464711182298,0.2502753028331164,0.0951046150765842,0,0,0,0,0,0,0.0250275302833116,0,0,0,0,0,0,0,0,765,0.5,870,0.25,1,0,0,0,0,0,0,0,0,0,0,0,0
405,19.81743934662503,65.2574265353511,2.7023780927215952,0,0.070061654255745,0.4904315797902153,5.0744655296661065,0.2201937705180558,1.7415325486428055,1.621426855632957,1.94170870365922,0.7006165425574504,0.250220193770518,0.0930819120826327,0,0,0,0,0,0,0.0190167347265593,0,0,0,0,0,0,0,0,775,0.5,900,0.25,1,0,0,0,0,0,0,0,0,0,0,0,0
406,20.90689927676133,65.12149009173027,3.7012214030630113,1.3604489481528903,0.0700231076255164,0.5901947642722098,3.1010233377014416,0.2300759250552682,0.3701221403063011,1.5004951634039234,2.2807526483739635,0.4201386457530985,0.2400792261446277,0.0800264087148759,0,0,0,0,0,0,0.0240079226144627,0,0.0030009903268078,0,0,0,0,0,0,775,0.5,900,0.25,1,0,0,0,0,0,0,0,0,0,0,0,0
407,21.00336053768603,67.3107697231557,4.110657705232837,1.740278444551128,0.0300048007681229,0.1100176028164506,2.2603616578652583,0.0500080012802048,0.5800928148503761,1.6502640422467594,0.0500080012802048,0.4600736117778845,0,0.0140022403584573,0.5400864138262123,0,0,0.0900144023043687,0,0,0,0,0,0,0,0,0,0,0,735,0.5,888,0.25,1,0,0,0,0,0,0,0,0,0,0,0,0
408,20.91171055791244,67.83798927399344,4.132314095893701,1.6909469302809577,0,0,2.211238293444329,0,0.480268950612343,1.6309133114544148,0,0.5002801568878573,0,0.01400784439286,0.5603137757144002,0,0,0.0300168094132714,0,0,0,0,0,0,0,0,0,0,0,730,0.5,894,0.25,1,0,0,0,0,0,0,0,0,0,0,0,0
409,20.811654526534863,67.83798927399344,4.132314095893701,1.7009525334187148,0,0.1300728407908429,2.301288721684144,0,0.6603698070919717,1.4708236612503005,0,0.2801568878572001,0,0.01400784439286,0.6603698070919717,0,0,0,0,0,0,0,0,0,0,0,0,0,0,730,0.5,891,0.25,1,0,0,0,0,0,0,0,0,0,0,0,0
410,21.6071303530165,66.52195224424061,4.571508597837287,1.6805545830123942,0.0300099032680784,0,2.250742745105885,0.0600198065361569,0.5601848610041315,1.550511668850721,0,0.4601518501105365,0,0.0170056118519111,0.6001980653615694,0,0,0.0900297098042354,0,0,0,0,0,0,0,0,0,0,0,720,0.5,878,0.25,1,0,0,0,0,0,0,0,0,0,0,0,0
411,21.106965298548523,67.52228235317655,4.3714425760500975,1.7105644862804728,0,0.1000330108935949,2.260746046195244,0.0600198065361569,0.2000660217871898,1.490491862314564,0,0.470155151199896,0,0.0170056118519111,0.6001980653615694,0,0,0.0900297098042354,0,0,0,0,0,0,0,0,0,0,0,730,0.5,894,0.25,1,0,0,0,0,0,0,0,0,0,0,0,0
412,20.60391474380132,67.4128084336024,4.190796251287745,1.8403496664366228,0.0200038007221372,0.0800152028885488,2.2904351826847096,0.0600114021664116,0.4600874166091557,1.6503135595763194,0.4800912173312929,0.2300437083045778,0,0.0120022804332823,0.50009501805343,0,0,0.1600304057770976,0,0.0090017103249617,0,0,0,0,0,0,0,0,0,740,0.5,888,0.25,1,0,0,0,0,0,0,0,0,0,0,0,0
413,20.603502595441228,67.61149395397219,4.19071242111159,1.850314553474091,0,0.1100187031795405,2.2703859656141545,0.0800136023123931,0.5200884150305553,1.6402788474040586,0.2500425072262285,0.150025504335737,0,0.0130022103757638,0.5100867147415061,0,0,0.2000340057809828,0,0,0,0,0,0,0,0,0,0,0,745,0.5,885,0.25,1,0,0,0,0,0,0,0,0,0,0,0,0
414,20.60865563536686,67.9285299825927,4.101722723543888,1.8507773264771208,0.0200084035294823,0.1100462194121531,2.2609495988315094,0.0500210088237059,0.570239500590248,1.650693291182297,0,0.470197482942836,0.210088237059565,0.0180075631765341,0,0,0,0.0900378158826707,0,0.0600252105884471,0,0,0,0,0,0,0,0,0,745,0.5,887,0.25,1,0,0,0,0,0,0,0,0,0,0,0,0
415,20.71698793010269,67.65547749154307,4.213455033127165,1.821493624772314,0.0200164134590364,0.100082067295182,2.2918793410596696,0.0800656538361456,0.4904021297463921,1.7314197642066498,0.2502051682379552,0.1401148942132549,0.2101723413198823,0.0180147721131327,0,0,0,0.2001641345903641,0,0.0600492403771092,0,0,0,0,0,0,0,0,0,740,0.5,890,0.25,1,0,0,0,0,0,0,0,0,0,0,0,0
416,21.60561746053974,65.21695640866625,3.730970052213576,1.7804629203592932,0,0.4701222317802628,2.3806189609298416,0,0.5601456378658451,1.6304239102166562,1.910496729149579,0,0,0.0140036409466461,0.7001820473323064,0,0,0,0,0,0,0,0,0,0,0,0,0,0,743,0.5,892,0.25,1,0,0,0,0,0,0,0,0,0,0,0,0
417,21.318120402342,66.756743231747,3.723164689986489,1.8315568232998047,0,0.5004253615573238,2.221888605314517,0.1201020867737577,0.2101786518540759,1.7214632437571935,0.5304508832507633,0.2402041735475154,0.2902467097032478,0.0150127608467197,0,0,0,0.5204423760196167,0,0,0,0,0,0,0,0,0,0,0,750,0.5,800,0.66,1,0,0,0,0,0,0,0,0,0,0,0,0
418,21.42249361829921,67.0704239451424,3.763952149757245,1.8319235196956805,0.0200210220731768,0.5005255518294209,2.2323439611592173,0.120126132439061,0.2102207317683568,1.7117973872566197,0.550578107012363,0.2502627759147104,0.3003153310976525,0.0150157665548826,0,0,0,0,0,0,0,0,0,0,0,0,0,0,0,750,0.5,800,0.66,1,0,0,0,0,0,0,0,0,0,0,0,0
419,21.311721446795737,66.73670518785332,3.742058131972585,1.821001550852969,0.0300165090799939,0.5102806543598979,2.221221671919556,0.1200660363199759,0.2101155635599579,1.700935514532993,0.8904897693731552,0.3902146180399219,0.2901595877732753,0.0150082545399969,0,0,0,0.0100055030266646,0,0,0,0,0,0,0,0,0,0,0,750,0.5,800,0.66,1,0,0,0,0,0,0,0,0,0,0,0,0
420,21.30831024099399,66.92610117945999,3.5713928432088515,1.8207100769300024,0.0300117045647802,0.5101989776012645,2.22086613779374,0.1100429167375276,0.2200858334750552,1.6906593571492885,0.8903472354218145,0.3901521593421435,0.2901131441262092,0.0150058522823901,0,0,0,0,0,0.006002340912956,0,0,0,0,0,0,0,0,0,750,0.5,800,0.66,1,0,0,0,0,0,0,0,0,0,0,0,0
421,21.413919047380794,66.54325311452443,3.702406564266773,1.8211837694501427,0,0.5503577325261421,2.231450442787812,0.1100715465052284,0.3502276479711812,1.691099214489418,0.8905788762695752,0.3902536648821734,0.290188622604693,0.015009756341622,0,0,0,0,0,0,0,0,0,0,0,0,0,0,0,750,0.5,800,0.66,1,0,0,0,0,0,0,0,0,0,0,0,0
422,21.42163585221073,66.46713180312116,3.743781219031222,1.7918097278251035,0.0300303306339402,0.5505560616222385,2.2622849077568343,0.1101112123244476,0.3503538573959698,1.6516681848667152,0.820829037327701,0.3903942982412236,0.280283085916776,0.0150151653169701,0,0,0,0.070070771479194,0,0.044044484929779,0,0,0,0,0,0,0,0,0,750,0.5,800,0.66,1,0,0,0,0,0,0,0,0,0,0,0,0
423,21.41841984106331,66.55723922573412,3.7031847388754326,1.7915407250235198,0.0300258222070981,0.5704906219348638,2.231919450727625,0.0900774666212942,0.2802410072662489,1.7014632584022256,0.870748844005845,0.3903356886922753,0.300258222070981,0.0140120503633124,0,0,0,0.0500430370118301,0,0,0,0,0,0,0,0,0,0,0,750,0.5,800,0.66,1,0,0,0,0,0,0,0,0,0,0,0,0
424,21.22313321520457,66.77278233274268,3.6840155769789074,1.7919532290196314,0.0300327356818932,0.5706219779559719,2.2224224404601016,0.0900982070456797,0.2803055330310038,1.6618113743980936,0.8709493347749045,0.380414651970648,0.3003273568189326,0.0140152766515501,0,0,0,0.0500545594698221,0,0.0570621977955971,0,0,0,0,0,0,0,0,0,750,0.5,800,0.66,1,0,0,0,0,0,0,0,0,0,0,0,0
425,21.33178435869446,66.59923285695687,3.685491382159418,1.8026860021431936,0.0300447667023865,0.5708505673453446,2.2433425804448635,0.0901343001071596,0.270402900321479,1.7025367798019049,1.241850357031978,0.0120179066809546,0.3004476670238656,0.0140208911277803,0,0,0,0.0500746111706442,0,0.0550820722877086,0,0,0,0,0,0,0,0,0,750,0.5,800,0.66,1,0,0,0,0,0,0,0,0,0,0,0,0
426,21.227595874637025,66.68669270051065,3.6948032442174825,1.7923300290377489,0.0300390507659957,0.57074196455392,2.222889756683689,0.0901171522979873,0.2803644738159608,1.622108741363773,0.7309502353058976,0.6308200660859117,0.3003905076599579,0.0150195253829978,0,0,0,0.0500650846099929,0,0.0550715930709922,0,0,0,0,0,0,0,0,0,750,0.5,800,0.66,1,0,0,0,0,0,0,0,0,0,0,0,0
427,22.18058439256596,66.03534714133794,3.818301514154049,1.934471058895022,0.2835873803615739,0.3848685876335646,2.39023649161898,0.2937155010887729,0.3443561047247683,0.8203777789031246,1.184990125082291,0.0202562414543981,0.2835873803615739,0.0151921810907986,0,0,0,0.010128120727199,0,0,0,0,0,0,0,0,0,0,0,750,0.5,800,0.66,1,0,0,0,0,0,0,0,0,0,0,0,0
428,22.138587558113787,66.51639261778732,3.8138748566023297,2.24404773884517,0.2918268359933181,0.3622677964054983,2.133354801054601,0.2918268359933181,0.7245355928109967,0,1.1773703383178695,0,0.2918268359933181,0.014088192082436,0,0,0,0,0,0,0,0,0,0,0,0,0,0,0,750,0.5,800,0.66,1,0,0,0,0,0,0,0,0,0,0,0,0
429,21.14628842739442,66.23177130089573,3.69062581044148,1.815388912163106,0.2992399305763361,0.5087078819797715,2.224350150617432,0.1097213078779899,0.6284038542103059,1.745566261695294,0.5286572106848605,0.2393919444610689,0.2992399305763361,0.0139645300935623,0,0,0,0.518682546332316,0,0,0,0,0,0,0,0,0,0,0,750,0.5,800,0.66,1,0,0,0,0,0,0,0,0,0,0,0,0
430,21.167190854176024,66.89631071838649,3.724227447456442,1.827167889770855,0.2895511956467475,0.499226199390944,2.206579801307972,0.1198142878538265,0,1.6774000299535716,0.5291797713544006,0.239628575707653,0.2895511956467475,0.0149767859817283,0,0,0,0.5191952473665817,0,0,0,0,0,0,0,0,0,0,0,750,0.5,800,0.66,1,0,0,0,0,0,0,0,0,0,0,0,0
431,18.349174587293646,68.23411705852926,3.921960980490245,2.56128064032016,0,0.4102051025512755,0,0.1100550275137568,1.6208104052026011,1.910955477738869,0,0,1.92096048024012,0,0.96048024012006,0,0,0,0,0,0,0,0,0,0,0,0,0,0,760,1,855,1,1,0,0,0,0,1,0,0,0,0,0,0,0
432,20.8295852073963,65.45727136431782,3.708145927036481,1.6791604197901049,0,0,2.378810594702648,0.5797101449275361,0.9195402298850576,1.649175412293853,0,0,1.869065467266367,0,0.929535232383808,0,0,0,0,0,0,0,0,0,0,0,0,0,0,760,1,890,1,1,0,0,0,0,1,0,0,0,0,0,0,0
433,18.784530386740325,69.85434455047714,4.018081366147664,2.62179809141135,0,0,0,0.1205424409844299,1.6574585635359111,1.9588146659969856,0,0,0,0,0.9844299347061776,0,0,0,0,0,0,0,0,0,0,0,0,0,0,760,1,900,1,1,0,0,0,0,1,0,0,0,0,0,0,0
434,21.672698029754724,68.0940892641737,3.860072376357057,1.749095295536791,0,0,0,0,0.9549658222758344,1.7189384800965015,0,0,1.950140731805388,0,0,0,0,0,0,0,0,0,0,0,0,0,0,0,0,760,1,905,1,1,0,0,0,0,1,0,0,0,0,0,0,0
435,22.5427135678392,64.25125628140702,3.748743718592965,1.7085427135678388,0,0,0,0,0.4824120603015074,1.798994974874372,2.030150753768844,0,1.8391959798994968,0,0,1.5979899497487435,0,0,0,0,0,0,0,0,0,0,0,0,0,760,1,930,1,1,0,0,0,0,1,0,0,0,0,0,0,0
436,21.18788121187881,66.56334366563341,3.76962303769623,0.8699130086991299,0,0.4199580041995799,1.8698130186981297,0.1199880011998799,0.92990700929907,1.6798320167983198,0,0,1.6498350164983495,0,0.93990600939906,0,0,0,0,0,0,0,0,0,0,0,0,0,0,760,1,940,1,1,0,0,0,0,1,0,0,0,0,0,0,0
437,18.51,68.86,3.96,2.59,0,0,0,0.58,1.6399999999999997,1.93,0,0,0.97,0,0.96,0,0,0,0,0,0,0,0,0,0,0,0,0,0,760,1,945,1,1,0,0,0,0,1,0,0,0,0,0,0,0
438,20.20929627628709,65.83028192968766,3.831762610800969,1.3906396942593595,0.1100506232867119,0.5702623206675071,3.0213898393260905,0.21009664445645,0.1900874402225024,1.4106488984933072,2.4111091101906883,0.3601656762110571,0.3001380635092143,0.0900414190527642,0,0,0,0,0,0,0.016007363387158,0,0.0270124257158292,0,0.021009664445645,0,0,0,0,740,0.33,800,0.4,1,0,0,0,0,0,0,0,0,0,0,0,0
439,20.89644760390734,64.78898587240171,3.829349010668187,1.3997620404531232,0.0999830028895088,0.6098963176260037,3.139466290730576,0.2699541078016738,0.2999490086685264,1.4897467430536813,2.2096243638581448,0.4299269124248878,0,0.0619894617914954,0.2799524080906246,0,0,0.0199966005779017,0,0,0,0,0,0,0.0249957507223772,0.1499745043342632,0,0,0,740,0.33,805,0.4,1,0,0,0,0,0,0,0,0,0,0,0,0
440,20.99454141923099,64.98310439285783,3.789014856137403,1.3996360946153994,0.0999740067582428,0.599844040549457,3.0492072061264057,0.2599324175714313,0.2899246195989041,1.4696178993461697,2.2294203507088146,0.4298882290604441,0,0.0609841441225281,0.1499610101373642,0,0,0.0199948013516485,0,0,0,0,0,0,0.0249935016895607,0.1499610101373642,0,0,0,740,0.33,820,0.4,1,0,0,0,0,0,0,0,0,0,0,0,0
441,21.44954845693552,64.95003457987951,3.317663803385821,1.353125720414157,0.0400926139381972,0.3708566789283244,3.207409115055779,0.3608335254437751,0.5612965951347613,1.9244454690334671,1.623750864496988,0.5813429021038599,0,0.0992292194970381,0,0,0,0,0,0,0,0,0,0,0,0.1603704557527889,0,0,0,740,0.33,830,0.4,1,0,0,0,0,0,0,0,0,0,0,0,0
442,21.70412378351888,65.81250437583141,4.1307848491213335,0.6401216231083907,0.0300057010832058,0.6401216231083907,3.580680329262561,0.2900551104709895,0.2400456086656465,0,2.050389574019064,0.5200988187755675,0.2500475090267151,0.0650123523469459,0,0,0,0.0200038007221372,0,0,0,0,0,0,0,0.0260049409387783,0,0,0,740,0.33,840,0.4,1,0,0,0,0,0,0,0,0,0,0,0,0
443,19.805347443809826,66.91806787832715,3.220869634801396,1.4403889050043508,0,0.7802106568773568,2.680723795424764,0.2000540145839376,0.8102187590649474,1.1603132845868382,2.4206535764656456,0.2100567153131345,0.2000540145839376,0.1100297080211657,0,0,0,0,0,0,0,0,0,0,0,0.0430116131355465,0,0,0,740,0.33,850,0.4,1,0,0,0,0,0,0,0,0,0,0,0,0
444,20.012407692769514,66.44119353999479,3.732314034701514,1.400868538493866,0,0.780483900018011,2.8317556885268864,0.5803598230903159,0.2001240769276951,0.9305769577137823,2.4114951269787266,0.2101302807740799,0.3902419500090055,0.0330204726930697,0,0,0,0,0,0,0,0,0,0,0,0.0450279173087314,0,0,0,740,0.33,918,0.4,1,0,0,0,0,0,0,0,0,0,0,0,0
445,21.111332403903603,67.21768571997609,3.784106751643098,1.6928898625771756,0,0.3983270264887472,2.4895439155546697,0.1991635132443736,0.995817566221868,1.6928898625771756,0,0,0,0,0.4182433778131845,0,0,0,0,0,0,0,0,0,0,0,0,0,0,750,0.25,840,0.3,0,0,0,0,0,0,0,0,1,0,0,0,0
446,21.09431746947791,67.16351081083769,3.7810569049064178,1.6915254574581344,0,0.3980059899901493,2.487537437438433,0.1990029949950746,0.9950149749753732,1.6915254574581344,0,0,0,0,0.4378065889891642,0,0,0,0,0,0,0.0606959134734977,0,0,0,0,0,0,0,750,0.25,840,0.3,0,0,0,0,0,0,0,0,1,0,0,0,0
447,21.143757604771302,67.32092633594637,3.789918815949573,1.6954899966090196,0,0.3989388227315341,2.493367642072088,0.199469411365767,0.9973470568288352,1.6954899966090196,0,0,0.199469411365767,0,0,0,0,0,0,0,0.0658249057507031,0,0,0,0,0,0,0,0,750,0.25,840,0.3,0,0,0,0,0,0,0,0,1,0,0,0,0
448,21.1488198559486,67.33704435266652,3.790826200594561,1.695895931844935,0,0.3990343369046906,2.493964605654316,0.1995171684523453,0.9975858422617264,1.695895931844935,0,0,0.2294447437201971,0,0,0,0,0,0,0,0.0119710301071407,0,0,0,0,0,0,0,0,750,0.25,840,0.3,0,0,0,0,0,0,0,0,1,0,0,0,0
449,21.03028559524636,66.95963573958157,3.769579493487555,1.686390826033906,0,0.3967978414197426,2.4799865088733912,0.1983989207098713,0.9919946035493564,1.686390826033906,0,0,0.228158758816352,0,0,0,0,0,0,0,0.0069439622248454,0,0.5654369240231332,0,0,0,0,0,0,750,0.25,840,0.3,0,0,0,0,0,0,0,0,1,0,0,0,0
450,0.5503296379312133,97.99376354335652,1.3892186144221297,0,0,0,0,0,0,0,0,0,0,0,0,0,0,0,0,0,0,0,0,0,0,0,0,0,0,0,0,0,0,0,0,0,0,0,0,0,0,0,1,0,0,0
451,0.966294961532398,97.54793321965796,1.419083583221223,0,0,0,0,0,0,0,0,0,0,0,0,0,0,0,0,0,0,0,0,0,0,0,0,0,0,0,0,0,0,0,0,0,0,0,0,0,0,0,1,0,0,0
452,1.107617500562753,96.87918773411012,1.946506519045323,0,0,0,0,0,0,0,0,0,0,0,0,0,0,0,0,0,0,0,0,0,0,0,0,0,0,0,0,0,0,0,0,0,0,0,0,0,0,0,1,0,0,0
453,1.13748246709811,96.43335741041156,2.3624718739448025,0,0,0,0,0,0,0,0,0,0,0,0,0,0,0,0,0,0,0,0,0,0,0,0,0,0,0,0,0,0,0,0,0,0,0,0,0,0,0,1,0,0,0
454,1.2489400395624417,96.21044224856227,2.4739294548694457,0,0,0,0,0,0,0,0,0,0,0,0,0,0,0,0,0,0,0,0,0,0,0,0,0,0,0,0,0,0,0,0,0,0,0,0,0,0,0,1,0,0,0
455,1.8280905744427685,96.21044224856227,1.8947788757188664,0,0,0,0,0,0,0,0,0,0,0,0,0,0,0,0,0,0,0,0,0,0,0,0,0,0,0,0,0,0,0,0,0,0,0,0,0,0,0,1,0,0,0
456,2.608293580444069,94.65003611561735,2.674981942191323,0,0,0,0,0,0,0,0,0,0,0,0,0,0,0,0,0,0,0,0,0,0,0,0,0,0,0,0,0,0,0,0,0,0,0,0,0,0,0,1,0,0,0
457,3.269036719745173,94.87295127746664,1.7913235890659085,0,0,0,0,0,0,0,0,0,0,0,0,0,0,0,0,0,0,0,0,0,0,0,0,0,0,0,0,0,0,0,0,0,0,0,0,0,0,0,1,0,0,0
458,3.603409435945295,94.2042057919188,2.125696331839815,0,0,0,0,0,0,0,0,0,0,0,0,0,0,0,0,0,0,0,0,0,0,0,0,0,0,0,0,0,0,0,0,0,0,0,0,0,0,0,1,0,0,0
459,4.049239723924032,93.3125451445217,2.5715266555383662,0,0,0,0,0,0,0,0,0,0,0,0,0,0,0,0,0,0,0,0,0,0,0,0,0,0,0,0,0,0,0,0,0,0,0,0,0,0,0,1,0,0,0
460,2.230195518041157,93.08962998267242,4.613486166964939,0,0,0,0,0,0,0,0,0,0,0,0,0,0,0,0,0,0,0,0,0,0,0,0,0,0,0,0,0,0,0,0,0,0,0,0,0,0,0,1,0,0,0
461,1.5097224446127626,93.75837546822024,4.665213810291418,0,0,0,0,0,0,0,0,0,0,0,0,0,0,0,0,0,0,0,0,0,0,0,0,0,0,0,0,0,0,0,0,0,0,0,0,0,0,0,1,0,0,0
462,0.9604368759909933,93.3125451445217,5.660329744341476,0,0,0,0,0,0,0,0,0,0,0,0,0,0,0,0,0,0,0,0,0,0,0,0,0,0,0,0,0,0,0,0,0,0,0,0,0,0,0,1,0,0,0
463,1.4062671658549275,92.4208844971246,6.106160068040027,0,0,0,0,0,0,0,0,0,0,0,0,0,0,0,0,0,0,0,0,0,0,0,0,0,0,0,0,0,0,0,0,0,0,0,0,0,0,0,1,0,0,0
464,2.371518056792993,92.4208844971246,5.140909102789061,0,0,0,0,0,0,0,0,0,0,0,0,0,0,0,0,0,0,0,0,0,0,0,0,0,0,0,0,0,0,0,0,0,0,0,0,0,0,0,1,0,0,0
465,3.1735837349162352,91.97505417342605,4.784673685487746,0,0,0,0,0,0,0,0,0,0,0,0,0,0,0,0,0,0,0,0,0,0,0,0,0,0,0,0,0,0,0,0,0,0,0,0,0,0,0,1,0,0,0
466,3.945784445589453,91.97505417342605,4.012472913286975,0,0,0,0,0,0,0,0,0,0,0,0,0,0,0,0,0,0,0,0,0,0,0,0,0,0,0,0,0,0,0,0,0,0,0,0,0,0,0,1,0,0,0
467,4.331884800553553,91.97505417342605,3.6263725271866094,0,0,0,0,0,0,0,0,0,0,0,0,0,0,0,0,0,0,0,0,0,0,0,0,0,0,0,0,0,0,0,0,0,0,0,0,0,0,0,1,0,0,0
468,5.490185863919578,91.97505417342605,2.4680713688854303,0,0,0,0,0,0,0,0,0,0,0,0,0,0,0,0,0,0,0,0,0,0,0,0,0,0,0,0,0,0,0,0,0,0,0,0,0,0,0,1,0,0,0
469,5.2155430814635935,91.75213901157676,2.965629335910459,0,0,0,0,0,0,0,0,0,0,0,0,0,0,0,0,0,0,0,0,0,0,0,0,0,0,0,0,0,0,0,0,0,0,0,0,0,0,0,1,0,0,0
470,1.4622832214840429,81.49804156651007,16.9729869387527,0,0,0,0,0,0,0,0,0,0,0,0,0,0,0,0,0,0,0,0,0,0,0,0,0,0,0,0,0,0,0,0,1,0,0,0,0,0,0,0,0,0,0
471,1.3508256490563468,81.72095672835933,16.861529357828058,0,0,0,0,0,0,0,0,0,0,0,0,0,0,0,0,0,0,0,0,0,0,0,0,0,0,0,0,0,0,0,0,1,0,0,0,0,0,0,0,0,0,0
472,1.5438758273771782,81.72095672835933,16.66847916477786,0,0,0,0,0,0,0,0,0,0,0,0,0,0,0,0,0,0,0,0,0,0,0,0,0,0,0,0,0,0,0,0,1,0,0,0,0,0,0,0,0,0,0
473,2.732041862535325,81.27512640466078,15.926143361376162,0,0,0,0,0,0,0,0,0,0,0,0,0,0,0,0,0,0,0,0,0,0,0,0,0,0,0,0,0,0,0,0,1,0,0,0,0,0,0,0,0,0,0
474,1.6254684332599965,81.94387189020861,16.363971390803027,0,0,0,0,0,0,0,0,0,0,0,0,0,0,0,0,0,0,0,0,0,0,0,0,0,0,0,0,0,0,0,0,1,0,0,0,0,0,0,0,0,0,0
475,2.9250920404344782,81.27512640466078,15.733093168325968,0,0,0,0,0,0,0,0,0,0,0,0,0,0,0,0,0,0,0,0,0,0,0,0,0,0,0,0,0,0,0,0,1,0,0,0,0,0,0,0,0,0,0
476,4.143123039332394,80.38346575726368,15.406722719823746,0,0,0,0,0,0,0,0,0,0,0,0,0,0,0,0,0,0,0,0,0,0,0,0,0,0,0,0,0,0,0,0,1,0,0,0,0,0,0,0,0,0,0
477,4.99691635418165,80.60638091911294,14.33001417364816,0,0,0,0,0,0,0,0,0,0,0,0,0,0,0,0,0,0,0,0,0,0,0,0,0,0,0,0,0,0,0,0,1,0,0,0,0,0,0,0,0,0,0
478,5.189966531349029,80.60638091911294,14.136963980597969,0,0,0,0,0,0,0,0,0,0,0,0,0,0,0,0,0,0,0,0,0,0,0,0,0,0,0,0,0,0,0,0,1,0,0,0,0,0,0,0,0,0,0
479,5.6357968181194025,79.71472027171583,14.58279430429652,0,0,0,0,0,0,0,0,0,0,0,0,0,0,0,0,0,0,0,0,0,0,0,0,0,0,0,0,0,0,0,0,1,0,0,0,0,0,0,0,0,0,0
480,5.858711961373444,79.26888994801729,14.805709466145784,0,0,0,0,0,0,0,0,0,0,0,0,0,0,0,0,0,0,0,0,0,0,0,0,0,0,0,0,0,0,0,0,1,0,0,0,0,0,0,0,0,0,0
481,6.274677281337148,78.82305962431874,14.835574434944876,0,0,0,0,0,0,0,0,0,0,0,0,0,0,0,0,0,0,0,0,0,0,0,0,0,0,0,0,0,0,0,0,1,0,0,0,0,0,0,0,0,0,0
482,4.75213853785101,79.93763543356513,15.243537495572648,0,0,0,0,0,0,0,0,0,0,0,0,0,0,0,0,0,0,0,0,0,0,0,0,0,0,0,0,0,0,0,0,1,0,0,0,0,0,0,0,0,0,0
483,2.8216367619084366,79.93763543356513,17.17403942607458,0,0,0,0,0,0,0,0,0,0,0,0,0,0,0,0,0,0,0,0,0,0,0,0,0,0,0,0,0,0,0,0,1,0,0,0,0,0,0,0,0,0,0
484,0.8559864666914336,54.52530698274762,44.55201832329802,0,0,0,0,0,0,0,0,0,0,0,0,0,0,0,0,0,0,0,0,0,0,0,0,0,0,0,0,0,0,0,0,0,0,0,0,0,0,0,0,1,0,0
485,1.821237358456159,54.52530698274762,43.58676735804705,0,0,0,0,0,0,0,0,0,0,0,0,0,0,0,0,0,0,0,0,0,0,0,0,0,0,0,0,0,0,0,0,0,0,0,0,0,0,0,0,1,0,0
486,2.2372026812400634,54.07947665904906,43.61663232684614,0,0,0,0,0,0,0,0,0,0,0,0,0,0,0,0,0,0,0,0,0,0,0,0,0,0,0,0,0,0,0,0,0,0,0,0,0,0,0,0,1,0,0
487,4.064249180729547,52.74198568795342,43.1270766540928,0,0,0,0,0,0,0,0,0,0,0,0,0,0,0,0,0,0,0,0,0,0,0,0,0,0,0,0,0,0,0,0,0,0,0,0,0,0,0,0,1,0,0
488,2.683032970212423,53.18781601165196,44.06246265054468,0,0,0,0,0,0,0,0,0,0,0,0,0,0,0,0,0,0,0,0,0,0,0,0,0,0,0,0,0,0,0,0,0,0,0,0,0,0,0,0,1,0,0
489,1.9924248637950648,53.41073117350123,44.53015564877062,0,0,0,0,0,0,0,0,0,0,0,0,0,0,0,0,0,0,0,0,0,0,0,0,0,0,0,0,0,0,0,0,0,0,0,0,0,0,0,0,1,0,0
490,0.6410736152812007,53.41073117350123,45.88150700012197,0,0,0,0,0,0,0,0,0,0,0,0,0,0,0,0,0,0,0,0,0,0,0,0,0,0,0,0,0,0,0,0,0,0,0,0,0,0,0,0,1,0,0
491,1.3914116562020524,52.29615536425486,46.24574471169496,0,0,0,0,0,0,0,0,0,0,0,0,0,0,0,0,0,0,0,0,0,0,0,0,0,0,0,0,0,0,0,0,0,0,0,0,0,0,0,0,1,0,0
492,3.3000507638453627,51.18157955500848,45.4516812649668,0,0,0,0,0,0,0,0,0,0,0,0,0,0,0,0,0,0,0,0,0,0,0,0,0,0,0,0,0,0,0,0,0,0,0,0,0,0,0,0,1,0,0
493,3.493100941565814,51.18157955500848,45.25863107191661,0,0,0,0,0,0,0,0,0,0,0,0,0,0,0,0,0,0,0,0,0,0,0,0,0,0,0,0,0,0,0,0,0,0,0,0,0,0,0,0,1,0,0
494,4.346894257351963,51.40449471685776,44.181922525741015,0,0,0,0,0,0,0,0,0,0,0,0,0,0,0,0,0,0,0,0,0,0,0,0,0,0,0,0,0,0,0,0,0,0,0,0,0,0,0,0,1,0,0
495,4.287164324588531,52.29615536425486,43.34999181594208,0,0,0,0,0,0,0,0,0,0,0,0,0,0,0,0,0,0,0,0,0,0,0,0,0,0,0,0,0,0,0,0,0,0,0,0,0,0,0,0,1,0,0
496,6.054480885186891,51.85032504055629,42.0285054333898,0,0,0,0,0,0,0,0,0,0,0,0,0,0,0,0,0,0,0,0,0,0,0,0,0,0,0,0,0,0,0,0,0,0,0,0,0,0,0,0,1,0,0
497,6.418718566057649,50.73574923130992,42.77884353106319,0,0,0,0,0,0,0,0,0,0,0,0,0,0,0,0,0,0,0,0,0,0,0,0,0,0,0,0,0,0,0,0,0,0,0,0,0,0,0,0,1,0,0
498,6.701363641515286,49.39825826021427,43.83368940271141,0,0,0,0,0,0,0,0,0,0,0,0,0,0,0,0,0,0,0,0,0,0,0,0,0,0,0,0,0,0,0,0,0,0,0,0,0,0,0,0,1,0,0
499,6.924278784341638,48.9524279365157,44.05660456456068,0,0,0,0,0,0,0,0,0,0,0,0,0,0,0,0,0,0,0,0,0,0,0,0,0,0,0,0,0,0,0,0,0,0,0,0,0,0,0,0,1,0,0
500,4.822589511128683,50.06700374576209,45.04371820433902,0,0,0,0,0,0,0,0,0,0,0,0,0,0,0,0,0,0,0,0,0,0,0,0,0,0,0,0,0,0,0,0,0,0,0,0,0,0,0,0,1,0,0
501,3.218458158180553,50.9586643931592,45.75618903894163,0,0,0,0,0,0,0,0,0,0,0,0,0,0,0,0,0,0,0,0,0,0,0,0,0,0,0,0,0,0,0,0,0,0,0,0,0,0,0,0,1,0,0
502,1.5545968679959827,52.74198568795342,45.63672916374532,0,0,0,0,0,0,0,0,0,0,0,0,0,0,0,0,0,0,0,0,0,0,0,0,0,0,0,0,0,0,0,0,0,0,0,0,0,0,0,0,1,0,0
503,1.448422842286007,78.82305962431874,19.661829261199703,0,0,0,0,0,0,0,0,0,0,0,0,0,0,0,0,0,0,0,0,0,0,0,0,0,0,0,0,0,0,0,0,0,0,1,0,0,0,0,0,0,0,0
504,2.027573376986396,78.82305962431874,19.082678682049124,0,0,0,0,0,0,0,0,0,0,0,0,0,0,0,0,0,0,0,0,0,0,0,0,0,0,0,0,0,0,0,0,0,0,1,0,0,0,0,0,0,0,0
505,2.748046449824926,78.1543141387709,19.030951038722662,0,0,0,0,0,0,0,0,0,0,0,0,0,0,0,0,0,0,0,0,0,0,0,0,0,0,0,0,0,0,0,0,0,0,1,0,0,0,0,0,0,0,0
506,3.631704733078607,77.93139897692164,18.370207847446512,0,0,0,0,0,0,0,0,0,0,0,0,0,0,0,0,0,0,0,0,0,0,0,0,0,0,0,0,0,0,0,0,0,0,1,0,0,0,0,0,0,0,0
507,5.34729365662443,76.81682316767525,17.76919459376855,0,0,0,0,0,0,0,0,0,0,0,0,0,0,0,0,0,0,0,0,0,0,0,0,0,0,0,0,0,0,0,0,0,0,1,0,0,0,0,0,0,0,0
508,5.733394010657761,76.81682316767525,17.383094207668165,0,0,0,0,0,0,0,0,0,0,0,0,0,0,0,0,0,0,0,0,0,0,0,0,0,0,0,0,0,0,0,0,0,0,1,0,0,0,0,0,0,0,0
509,6.587187323132199,77.03973832952452,16.306385661492552,0,0,0,0,0,0,0,0,0,0,0,0,0,0,0,0,0,0,0,0,0,0,0,0,0,0,0,0,0,0,0,0,0,0,1,0,0,0,0,0,0,0,0
510,7.033017608786906,76.14807768212742,16.752215985191107,0,0,0,0,0,0,0,0,0,0,0,0,0,0,0,0,0,0,0,0,0,0,0,0,0,0,0,0,0,0,0,0,0,0,1,0,0,0,0,0,0,0,0
511,8.280913565032762,74.81058671103177,16.841810891588363,0,0,0,0,0,0,0,0,0,0,0,0,0,0,0,0,0,0,0,0,0,0,0,0,0,0,0,0,0,0,0,0,0,0,1,0,0,0,0,0,0,0,0
512,9.944774835351822,73.02726541623755,16.961270766784693,0,0,0,0,0,0,0,0,0,0,0,0,0,0,0,0,0,0,0,0,0,0,0,0,0,0,0,0,0,0,0,0,0,0,1,0,0,0,0,0,0,0,0
513,9.031251596063145,73.69601090178539,17.20604860316136,0,0,0,0,0,0,0,0,0,0,0,0,0,0,0,0,0,0,0,0,0,0,0,0,0,0,0,0,0,0,0,0,0,0,1,0,0,0,0,0,0,0,0
514,7.100749834845061,73.69601090178539,19.136550533663296,0,0,0,0,0,0,0,0,0,0,0,0,0,0,0,0,0,0,0,0,0,0,0,0,0,0,0,0,0,0,0,0,0,0,1,0,0,0,0,0,0,0,0
515,8.593423605655943,73.02726541623755,18.31262211813604,0,0,0,0,0,0,0,0,0,0,0,0,0,0,0,0,0,0,0,0,0,0,0,0,0,0,0,0,0,0,0,0,0,0,1,0,0,0,0,0,0,0,0
516,9.729861987365323,71.91268960699117,18.290759443608657,0,0,0,0,0,0,0,0,0,0,0,0,0,0,0,0,0,0,0,0,0,0,0,0,0,0,0,0,0,0,0,0,0,0,1,0,0,0,0,0,0,0,0
517,11.28226568239046,70.35228347404623,18.29876173788037,0,0,0,0,0,0,0,0,0,0,0,0,0,0,0,0,0,0,0,0,0,0,0,0,0,0,0,0,0,0,0,0,0,0,1,0,0,0,0,0,0,0,0
518,12.671484163934394,68.34604701740275,18.91577958010172,0,0,0,0,0,0,0,0,0,0,0,0,0,0,0,0,0,0,0,0,0,0,0,0,0,0,0,0,0,0,0,0,0,0,1,0,0,0,0,0,0,0,0
519,12.396841385362336,68.12313185555347,19.413337547126748,0,0,0,0,0,0,0,0,0,0,0,0,0,0,0,0,0,0,0,0,0,0,0,0,0,0,0,0,0,0,0,0,0,0,1,0,0,0,0,0,0,0,0
520,9.359766223327952,68.7918773411013,21.781667507055527,0,0,0,0,0,0,0,0,0,0,0,0,0,0,0,0,0,0,0,0,0,0,0,0,0,0,0,0,0,0,0,0,0,0,1,0,0,0,0,0,0,0,0
521,8.691020797659334,70.12936831219696,21.11292202150769,0,0,0,0,0,0,0,0,0,0,0,0,0,0,0,0,0,0,0,0,0,0,0,0,0,0,0,0,0,0,0,0,0,0,1,0,0,0,0,0,0,0,0
522,10.60766217389451,67.45438637000565,21.87126241345276,0,0,0,0,0,0,0,0,0,0,0,0,0,0,0,0,0,0,0,0,0,0,0,0,0,0,0,0,0,0,0,0,0,0,1,0,0,0,0,0,0,0,0
523,8.484110242702897,67.45438637000565,23.994814537004903,0,0,0,0,0,0,0,0,0,0,0,0,0,0,0,0,0,0,0,0,0,0,0,0,0,0,0,0,0,0,0,0,0,0,1,0,0,0,0,0,0,0,0
524,6.909843866441435,67.90021669370418,25.123250726506992,0,0,0,0,0,0,0,0,0,0,0,0,0,0,0,0,0,0,0,0,0,0,0,0,0,0,0,0,0,0,0,0,0,0,1,0,0,0,0,0,0,0,0
525,3.5981258892617376,68.34604701740275,27.989138653460778,0,0,0,0,0,0,0,0,0,0,0,0,0,0,0,0,0,0,0,0,0,0,0,0,0,0,0,0,0,0,0,0,0,0,1,0,0,0,0,0,0,0,0
526,1.7790816820495363,68.12313185555347,30.03109816488736,0,0,0,0,0,0,0,0,0,0,0,0,0,0,0,0,0,0,0,0,0,0,0,0,0,0,0,0,0,0,0,0,0,0,1,0,0,0,0,0,0,0,0
527,1.199931147125227,68.12313185555347,30.61024874403793,0,0,0,0,0,0,0,0,0,0,0,0,0,0,0,0,0,0,0,0,0,0,0,0,0,0,0,0,0,0,0,0,0,0,1,0,0,0,0,0,0,0,0
528,1.6676241096767228,68.34604701740275,29.91964058396272,0,0,0,0,0,0,0,0,0,0,0,0,0,0,0,0,0,0,0,0,0,0,0,0,0,0,0,0,0,0,0,0,0,0,1,0,0,0,0,0,0,0,0
529,2.023859499576787,68.7918773411013,29.117574842962863,0,0,0,0,0,0,0,0,0,0,0,0,0,0,0,0,0,0,0,0,0,0,0,0,0,0,0,0,0,0,0,0,0,0,1,0,0,0,0,0,0,0,0
530,2.9592454231222405,69.23770766479986,27.736358522812427,0,0,0,0,0,0,0,0,0,0,0,0,0,0,0,0,0,0,0,0,0,0,0,0,0,0,0,0,0,0,0,0,0,0,1,0,0,0,0,0,0,0,0
531,4.3105966666285696,69.23770766479986,26.385007171461066,0,0,0,0,0,0,0,0,0,0,0,0,0,0,0,0,0,0,0,0,0,0,0,0,0,0,0,0,0,0,0,0,0,0,1,0,0,0,0,0,0,0,0
532,4.941474837708299,69.90645315034769,25.08538346343619,0,0,0,0,0,0,0,0,0,0,0,0,0,0,0,0,0,0,0,0,0,0,0,0,0,0,0,0,0,0,0,0,0,0,1,0,0,0,0,0,0,0,0
533,2.4238202349299343,71.46685928329262,26.04263213441548,0,0,0,0,0,0,0,0,0,0,0,0,0,0,0,0,0,0,0,0,0,0,0,0,0,0,0,0,0,0,0,0,0,0,1,0,0,0,0,0,0,0,0
534,1.235654199195352,71.91268960699117,26.78496793781715,0,0,0,0,0,0,0,0,0,0,0,0,0,0,0,0,0,0,0,0,0,0,0,0,0,0,0,0,0,0,0,0,0,0,1,0,0,0,0,0,0,0,0
535,1.896397339935902,72.13560476884044,25.90130958469173,0,0,0,0,0,0,0,0,0,0,0,0,0,0,0,0,0,0,0,0,0,0,0,0,0,0,0,0,0,0,0,0,0,0,1,0,0,0,0,0,0,0,0
536,1.5321596563047422,73.25018057808683,25.15097148701836,0,0,0,0,0,0,0,0,0,0,0,0,0,0,0,0,0,0,0,0,0,0,0,0,0,0,0,0,0,0,0,0,0,0,1,0,0,0,0,0,0,0,0
537,2.2366281424055217,75.70224735842886,21.99443616634541,0,0,0,0,0,0,0,0,0,0,0,0,0,0,0,0,0,0,0,0,0,0,0,0,0,0,0,0,0,0,0,0,0,0,1,0,0,0,0,0,0,0,0
538,2.0734429307858733,75.25641703473032,22.603451714295087,0,0,0,0,0,0,0,0,0,0,0,0,0,0,0,0,0,0,0,0,0,0,0,0,0,0,0,0,0,0,0,0,0,0,1,0,0,0,0,0,0,0,0
539,3.3213388978062284,73.91892606363467,22.69304662069232,0,0,0,0,0,0,0,0,0,0,0,0,0,0,0,0,0,0,0,0,0,0,0,0,0,0,0,0,0,0,0,0,0,0,1,0,0,0,0,0,0,0,0
540,7.005296850651632,70.79811379774479,22.12990063008513,0,0,0,0,0,0,0,0,0,0,0,0,0,0,0,0,0,0,0,0,0,0,0,0,0,0,0,0,0,0,0,0,0,0,1,0,0,0,0,0,0,0,0
541,6.040045967263936,70.79811379774479,23.0951515953361,0,0,0,0,0,0,0,0,0,0,0,0,0,0,0,0,0,0,0,0,0,0,0,0,0,0,0,0,0,0,0,0,0,0,1,0,0,0,0,0,0,0,0
542,4.873742611389204,72.35851993068974,22.701048914964023,0,0,0,0,0,0,0,0,0,0,0,0,0,0,0,0,0,0,0,0,0,0,0,0,0,0,0,0,0,0,0,0,0,0,1,0,0,0,0,0,0,0,0
543,6.662921842836738,73.02726541623755,20.243124048637995,0,0,0,0,0,0,0,0,0,0,0,0,0,0,0,0,0,0,0,0,0,0,0,0,0,0,0,0,0,0,0,0,0,0,1,0,0,0,0,0,0,0,0
544,6.083771312646718,73.02726541623755,20.822274627788552,0,0,0,0,0,0,0,0,0,0,0,0,0,0,0,0,0,0,0,0,0,0,0,0,0,0,0,0,0,0,0,0,0,0,1,0,0,0,0,0,0,0,0
545,5.556348420887801,73.69601090178539,20.68095207806484,0,0,0,0,0,0,0,0,0,0,0,0,0,0,0,0,0,0,0,0,0,0,0,0,0,0,0,0,0,0,0,0,0,0,1,0,0,0,0,0,0,0,0
546,3.416791882612032,76.81682316767525,19.69969652427048,0,0,0,0,0,0,0,0,0,0,0,0,0,0,0,0,0,0,0,0,0,0,0,0,0,0,0,0,0,0,0,0,0,0,1,0,0,0,0,0,0,0,0
547,2.374236803748417,65.00231958966361,32.556755263083254,0,0,0,0,0,0,0,0,0,0,0,0,0,0,0,0,0,0,0,0,0,0,0,0,0,0,0,0,0,0,0,0,0,0,1,0,0,0,0,0,0,0,0
548,4.059960764499451,64.33357410411578,31.53977665450583,0,0,0,0,0,0,0,0,0,0,0,0,0,0,0,0,0,0,0,0,0,0,0,0,0,0,0,0,0,0,0,0,0,0,1,0,0,0,0,0,0,0,0
549,1.743358630009496,64.33357410411578,33.85637897110814,0,0,0,0,0,0,0,0,0,0,0,0,0,0,0,0,0,0,0,0,0,0,0,0,0,0,0,0,0,0,0,0,0,0,1,0,0,0,0,0,0,0,0
550,1.9742760683638776,62.32733764747229,35.63169797163064,0,0,0,0,0,0,0,0,0,0,0,0,0,0,0,0,0,0,0,0,0,0,0,0,0,0,0,0,0,0,0,0,0,0,1,0,0,0,0,0,0,0,0
551,2.197191212982645,61.88150732377373,35.85461313347992,0,0,0,0,0,0,0,0,0,0,0,0,0,0,0,0,0,0,0,0,0,0,0,0,0,0,0,0,0,0,0,0,0,0,1,0,0,0,0,0,0,0,0
552,2.286786112432381,60.544016352678085,37.10250919817834,0,0,0,0,0,0,0,0,0,0,0,0,0,0,0,0,0,0,0,0,0,0,0,0,0,0,0,0,0,0,0,0,0,0,1,0,0,0,0,0,0,0,0
553,3.015261478613411,58.31486473418532,38.6031853935251,0,0,0,0,0,0,0,0,0,0,0,0,0,0,0,0,0,0,0,0,0,0,0,0,0,0,0,0,0,0,0,0,0,0,1,0,0,0,0,0,0,0,0
554,5.59850409703003,60.09818602897952,34.23662127122451,0,0,0,0,0,0,0,0,0,0,0,0,0,0,0,0,0,0,0,0,0,0,0,0,0,0,0,0,0,0,0,0,0,0,1,0,0,0,0,0,0,0,0
555,5.813416946695611,61.2127618382259,32.907132594400565,0,0,0,0,0,0,0,0,0,0,0,0,0,0,0,0,0,0,0,0,0,0,0,0,0,0,0,0,0,0,0,0,0,0,1,0,0,0,0,0,0,0,0
556,1.5604549535320018,56.97737376308966,41.39548300262506,0,0,0,0,0,0,0,0,0,0,0,0,0,0,0,0,0,0,0,0,0,0,0,0,0,0,0,0,0,0,0,0,0,0,1,0,0,0,0,0,0,0,0
557,1.731642458940712,55.86279795384327,42.33887129334863,0,0,0,0,0,0,0,0,0,0,0,0,0,0,0,0,0,0,0,0,0,0,0,0,0,0,0,0,0,0,0,0,0,0,1,0,0,0,0,0,0,0,0
558,2.533708137883451,55.41696763014472,41.98263587604734,0,0,0,0,0,0,0,0,0,0,0,0,0,0,0,0,0,0,0,0,0,0,0,0,0,0,0,0,0,0,0,0,0,0,1,0,0,0,0,0,0,0,0
559,4.271159737339602,55.41696763014472,40.24518413859558,0,0,0,0,0,0,0,0,0,0,0,0,0,0,0,0,0,0,0,0,0,0,0,0,0,0,0,0,0,0,0,0,0,0,1,0,0,0,0,0,0,0,0
560,5.704103583179659,55.639882791994,38.58932501326941,0,0,0,0,0,0,0,0,0,0,0,0,0,0,0,0,0,0,0,0,0,0,0,0,0,0,0,0,0,0,0,0,0,0,1,0,0,0,0,0,0,0,0
561,5.875291087409408,54.52530698274762,39.532713303992985,0,0,0,0,0,0,0,0,0,0,0,0,0,0,0,0,0,0,0,0,0,0,0,0,0,0,0,0,0,0,0,0,0,0,1,0,0,0,0,0,0,0,0
562,6.506169256760245,55.194052468295446,38.2330895959681,0,0,0,0,0,0,0,0,0,0,0,0,0,0,0,0,0,0,0,0,0,0,0,0,0,0,0,0,0,0,0,0,0,0,1,0,0,0,0,0,0,0,0
563,6.557896895698917,55.86279795384327,37.51261646709381,0,0,0,0,0,0,0,0,0,0,0,0,0,0,0,0,0,0,0,0,0,0,0,0,0,0,0,0,0,0,0,0,0,0,1,0,0,0,0,0,0,0,0
564,6.245386853887325,57.64611924863748,36.04180524054614,0,0,0,0,0,0,0,0,0,0,0,0,0,0,0,0,0,0,0,0,0,0,0,0,0,0,0,0,0,0,0,0,0,0,1,0,0,0,0,0,0,0,0
565,4.448205327502947,58.5377798960346,36.94732626819893,0,0,0,0,0,0,0,0,0,0,0,0,0,0,0,0,0,0,0,0,0,0,0,0,0,0,0,0,0,0,0,0,0,0,1,0,0,0,0,0,0,0,0
566,3.445087179754026,60.544016352678085,35.94420803987718,0,0,0,0,0,0,0,0,0,0,0,0,0,0,0,0,0,0,0,0,0,0,0,0,0,0,0,0,0,0,0,0,0,0,1,0,0,0,0,0,0,0,0
567,7.08317557840185,60.98984667637663,31.860289017024044,0,0,0,0,0,0,0,0,0,0,0,0,0,0,0,0,0,0,0,0,0,0,0,0,0,0,0,0,0,0,0,0,0,0,1,0,0,0,0,0,0,0,0
568,5.256129088351983,62.32733764747229,32.34984468977737,0,0,0,0,0,0,0,0,0,0,0,0,0,0,0,0,0,0,0,0,0,0,0,0,0,0,0,0,0,0,0,0,0,0,1,0,0,0,0,0,0,0,0
569,3.948503192537842,64.55648926596507,31.428319073581186,0,0,0,0,0,0,0,0,0,0,0,0,0,0,0,0,0,0,0,0,0,0,0,0,0,0,0,0,0,0,0,0,0,0,1,0,0,0,0,0,0,0,0
570,4.832161474025867,64.33357410411578,30.76757588230504,0,0,0,0,0,0,0,0,0,0,0,0,0,0,0,0,0,0,0,0,0,0,0,0,0,0,0,0,0,0,0,0,0,0,1,0,0,0,0,0,0,0,0
571,6.7488028642256666,61.65859216192446,31.525916274250125,0,0,0,0,0,0,0,0,0,0,0,0,0,0,0,0,0,0,0,0,0,0,0,0,0,0,0,0,0,0,0,0,0,0,1,0,0,0,0,0,0,0,0
572,6.096062022461055,59.87527086713024,33.96197846604878,0,0,0,0,0,0,0,0,0,0,0,0,0,0,0,0,0,0,0,0,0,0,0,0,0,0,0,0,0,0,0,0,0,0,1,0,0,0,0,0,0,0,0
573,6.044334383479338,59.20652538158242,34.68245159492307,0,0,0,0,0,0,0,0,0,0,0,0,0,0,0,0,0,0,0,0,0,0,0,0,0,0,0,0,0,0,0,0,0,0,1,0,0,0,0,0,0,0,0
574,48.64497668953106,50.06700374576209,1.2213243819452029,0,0,0,0,0,0,0,0,0,0,0,0,0,0,0,0,0,0,0,0,0,0,0,0,0,0,0,0,0,0,0,0,0,0,0,0,0,0,0,0,0,1,0
575,49.39531457324414,48.9524279365157,1.5855620935182242,0,0,0,0,0,0,0,0,0,0,0,0,0,0,0,0,0,0,0,0,0,0,0,0,0,0,0,0,0,0,0,0,0,0,0,0,0,0,0,0,0,1,0
576,50.50188776083996,48.28368245096788,1.1477340640913376,0,0,0,0,0,0,0,0,0,0,0,0,0,0,0,0,0,0,0,0,0,0,0,0,0,0,0,0,0,0,0,0,0,0,0,0,0,0,0,0,0,1,0
577,50.836260401790575,47.61493696542005,1.4821068068652454,0,0,0,0,0,0,0,0,0,0,0,0,0,0,0,0,0,0,0,0,0,0,0,0,0,0,0,0,0,0,0,0,0,0,0,0,0,0,0,0,0,1,0
578,48.43006388208922,48.9524279365157,2.550813058769168,0,0,0,0,0,0,0,0,0,0,0,0,0,0,0,0,0,0,0,0,0,0,0,0,0,0,0,0,0,0,0,0,0,0,0,0,0,0,0,0,0,1,0
579,46.49156017790781,50.512834069460645,2.928911150597869,0,0,0,0,0,0,0,0,0,0,0,0,0,0,0,0,0,0,0,0,0,0,0,0,0,0,0,0,0,0,0,0,0,0,0,0,0,0,0,0,0,1,0
580,44.80583650676354,51.18157955500848,3.945889759175292,0,0,0,0,0,0,0,0,0,0,0,0,0,0,0,0,0,0,0,0,0,0,0,0,0,0,0,0,0,0,0,0,0,0,0,0,0,0,0,0,0,1,0
581,43.72912821749209,51.40449471685776,4.799683143501636,0,0,0,0,0,0,0,0,0,0,0,0,0,0,0,0,0,0,0,0,0,0,0,0,0,0,0,0,0,0,0,0,0,0,0,0,0,0,0,0,0,1,0
582,41.29306657216191,53.18781601165196,5.452424040506079,0,0,0,0,0,0,0,0,0,0,0,0,0,0,0,0,0,0,0,0,0,0,0,0,0,0,0,0,0,0,0,0,0,0,0,0,0,0,0,0,0,1,0
583,38.18825952886632,56.30862827754183,5.436419451962687,0,0,0,0,0,0,0,0,0,0,0,0,0,0,0,0,0,0,0,0,0,0,0,0,0,0,0,0,0,0,0,0,0,0,0,0,0,0,0,0,0,1,0
584,36.11643543745532,56.97737376308966,6.839498446640517,0,0,0,0,0,0,0,0,0,0,0,0,0,0,0,0,0,0,0,0,0,0,0,0,0,0,0,0,0,0,0,0,0,0,0,0,0,0,0,0,0,1,0
585,35.00185982712475,59.20652538158242,5.724922637394131,0,0,0,0,0,0,0,0,0,0,0,0,0,0,0,0,0,0,0,0,0,0,0,0,0,0,0,0,0,0,0,0,0,0,0,0,0,0,0,0,0,1,0
586,33.38972632678956,61.65859216192446,4.884989633323487,0,0,0,0,0,0,0,0,0,0,0,0,0,0,0,0,0,0,0,0,0,0,0,0,0,0,0,0,0,0,0,0,0,0,0,0,0,0,0,0,0,1,0
587,34.5698899589524,62.77316797117084,2.590249991248556,0,0,0,0,0,0,0,0,0,0,0,0,0,0,0,0,0,0,0,0,0,0,0,0,0,0,0,0,0,0,0,0,0,0,0,0,0,0,0,0,0,1,0
588,36.12229352237553,61.2127618382259,2.598252285520241,0,0,0,0,0,0,0,0,0,0,0,0,0,0,0,0,0,0,0,0,0,0,0,0,0,0,0,0,0,0,0,0,0,0,0,0,0,0,0,0,0,1,0
589,36.79103888518432,59.87527086713024,3.266997771068077,0,0,0,0,0,0,0,0,0,0,0,0,0,0,0,0,0,0,0,0,0,0,0,0,0,0,0,0,0,0,0,0,0,0,0,0,0,0,0,0,0,1,0
590,38.37330739164552,57.86903441048676,3.690965420239241,0,0,0,0,0,0,0,0,0,0,0,0,0,0,0,0,0,0,0,0,0,0,0,0,0,0,0,0,0,0,0,0,0,0,0,0,0,0,0,0,0,1,0
591,40.34167618846869,55.86279795384327,3.728832683310021,0,0,0,0,0,0,0,0,0,0,0,0,0,0,0,0,0,0,0,0,0,0,0,0,0,0,0,0,0,0,0,0,0,0,0,0,0,0,0,0,0,1,0
592,43.54993844650132,54.07947665904906,2.303891014104804,0,0,0,0,0,0,0,0,0,0,0,0,0,0,0,0,0,0,0,0,0,0,0,0,0,0,0,0,0,0,0,0,0,0,0,0,0,0,0,0,0,1,0
593,41.63329732733829,56.75445860124038,1.5455506221597104,0,0,0,0,0,0,0,0,0,0,0,0,0,0,0,0,0,0,0,0,0,0,0,0,0,0,0,0,0,0,0,0,0,0,0,0,0,0,0,0,0,1,0
594,40.30380893327735,57.86903441048676,1.7604634897373332,0,0,0,0,0,0,0,0,0,0,0,0,0,0,0,0,0,0,0,0,0,0,0,0,0,0,0,0,0,0,0,0,0,0,0,0,0,0,0,0,0,1,0
595,36.17402115629987,61.88150732377373,1.8777791566459472,0,0,0,0,0,0,0,0,0,0,0,0,0,0,0,0,0,0,0,0,0,0,0,0,0,0,0,0,0,0,0,0,0,0,0,0,0,0,0,0,0,1,0
596,35.23063303468777,62.99608313302012,1.7065916381231403,0,0,0,0,0,0,0,0,0,0,0,0,0,0,0,0,0,0,0,0,0,0,0,0,0,0,0,0,0,0,0,0,0,0,0,0,0,0,0,0,0,1,0
597,33.19667616588936,61.65859216192446,5.078039826373678,0,0,0,0,0,0,0,0,0,0,0,0,0,0,0,0,0,0,0,0,0,0,0,0,0,0,0,0,0,0,0,0,0,0,0,0,0,0,0,0,0,1,0
598,31.9269176335812,61.88150732377373,6.124883403750195,0,0,0,0,0,0,0,0,0,0,0,0,0,0,0,0,0,0,0,0,0,0,0,0,0,0,0,0,0,0,0,0,0,0,0,0,0,0,0,0,0,1,0
599,28.95543066700739,65.8939802370607,5.083897912357694,0,0,0,0,0,0,0,0,0,0,0,0,0,0,0,0,0,0,0,0,0,0,0,0,0,0,0,0,0,0,0,0,0,0,0,0,0,0,0,0,0,1,0
600,27.95231258391385,67.90021669370418,4.080779684035949,0,0,0,0,0,0,0,0,0,0,0,0,0,0,0,0,0,0,0,0,0,0,0,0,0,0,0,0,0,0,0,0,0,0,0,0,0,0,0,0,0,1,0
601,26.644686764967616,70.12936831219696,3.159254067839757,0,0,0,0,0,0,0,0,0,0,0,0,0,0,0,0,0,0,0,0,0,0,0,0,0,0,0,0,0,0,0,0,0,0,0,0,0,0,0,0,0,1,0
602,24.980825569429072,71.91268960699117,3.0397941926434284,0,0,0,0,0,0,0,0,0,0,0,0,0,0,0,0,0,0,0,0,0,0,0,0,0,0,0,0,0,0,0,0,0,0,0,0,0,0,0,0,0,1,0
603,27.24569993519228,71.24394412144335,1.4436650049154056,0,0,0,0,0,0,0,0,0,0,0,0,0,0,0,0,0,0,0,0,0,0,0,0,0,0,0,0,0,0,0,0,0,0,0,0,0,0,0,0,0,1,0
604,29.548441538614384,68.56896217925204,1.815905010760092,0,0,0,0,0,0,0,0,0,0,0,0,0,0,0,0,0,0,0,0,0,0,0,0,0,0,0,0,0,0,0,0,0,0,0,0,0,0,0,0,0,1,0
605,31.761588227417604,67.23147120815636,0.9402489519063618,0,0,0,0,0,0,0,0,0,0,0,0,0,0,0,0,0,0,0,0,0,0,0,0,0,0,0,0,0,0,0,0,0,0,0,0,0,0,0,0,0,1,0
606,25.010690534294127,71.46685928329262,3.4557595475428653,0,0,0,0,0,0,0,0,0,0,0,0,0,0,0,0,0,0,0,0,0,0,0,0,0,0,0,0,0,0,0,0,0,0,0,0,0,0,0,0,0,1,0
607,23.11591190211651,75.25641703473032,1.5609806718240191,0,0,0,0,0,0,0,0,0,0,0,0,0,0,0,0,0,0,0,0,0,0,0,0,0,0,0,0,0,0,0,0,0,0,0,0,0,0,0,0,0,1,0
608,20.40520723339677,76.81682316767525,2.7112795358534925,0,0,0,0,0,0,0,0,0,0,0,0,0,0,0,0,0,0,0,0,0,0,0,0,0,0,0,0,0,0,0,0,0,0,0,0,0,0,0,0,0,1,0
609,11.914713514302449,86.84800545089269,1.1705918691482495,0,0,0,0,0,0,0,0,0,0,0,0,0,0,0,0,0,0,0,0,0,0,0,0,0,0,0,0,0,0,0,0,0,0,0,0,0,0,0,0,0,1,0
610,10.63695260109732,88.63132674568689,0.6650316078515348,0,0,0,0,0,0,0,0,0,0,0,0,0,0,0,0,0,0,0,0,0,0,0,0,0,0,0,0,0,0,0,0,0,0,0,0,0,0,0,0,0,1,0
611,9.418921616707706,89.52298739308401,0.9914020563537356,0,0,0,0,0,0,0,0,0,0,0,0,0,0,0,0,0,0,0,0,0,0,0,0,0,0,0,0,0,0,0,0,0,0,0,0,0,0,0,0,0,1,0
612,10.25085225067174,88.63132674568689,1.0511319939519217,0,0,0,0,0,0,0,0,0,0,0,0,0,0,0,0,0,0,0,0,0,0,0,0,0,0,0,0,0,0,0,0,0,0,0,0,0,0,0,0,0,1,0
613,11.498748198944584,87.29383577459124,1.1407269003491574,0,0,0,0,0,0,0,0,0,0,0,0,0,0,0,0,0,0,0,0,0,0,0,0,0,0,0,0,0,0,0,0,0,0,0,0,0,0,0,0,0,1,0
614,12.056036050506975,86.17925996534485,1.69801480497235,0,0,0,0,0,0,0,0,0,0,0,0,0,0,0,0,0,0,0,0,0,0,0,0,0,0,0,0,0,0,0,0,0,0,0,0,0,0,0,0,0,1,0
615,13.140746785723763,84.39593867055065,2.396625259319257,0,0,0,0,0,0,0,0,0,0,0,0,0,0,0,0,0,0,0,0,0,0,0,0,0,0,0,0,0,0,0,0,0,0,0,0,0,0,0,0,0,1,0
616,14.93792828051768,83.50427802315355,1.4911042316664782,0,0,0,0,0,0,0,0,0,0,0,0,0,0,0,0,0,0,0,0,0,0,0,0,0,0,0,0,0,0,0,0,0,0,0,0,0,0,0,0,0,1,0
617,15.90317914577453,83.50427802315355,0.5258532664154913,0,0,0,0,0,0,0,0,0,0,0,0,0,0,0,0,0,0,0,0,0,0,0,0,0,0,0,0,0,0,0,0,0,0,0,0,0,0,0,0,0,1,0
618,18.09446326544433,81.0522112428115,0.7866356913355781,0,0,0,0,0,0,0,0,0,0,0,0,0,0,0,0,0,0,0,0,0,0,0,0,0,0,0,0,0,0,0,0,0,0,0,0,0,0,0,0,0,1,0
619,18.5184308675384,79.045974786168,2.3689044988078787,0,0,0,0,0,0,0,0,0,0,0,0,0,0,0,0,0,0,0,0,0,0,0,0,0,0,0,0,0,0,0,0,0,0,0,0,0,0,0,0,0,1,0
620,1.0281691027402218,90.86047836417968,8.044664292813641,0,0,0,0,0,0,0,0,0,0,0,0,0,0,0,0,0,0,0,0,0,0,0,0,0,0,0,0,0,0,0,0,0,0,0,0,0,0,0,0,0,0,1
621,2.023284960742074,90.41464804048113,7.495378682462136,0,0,0,0,0,0,0,0,0,0,0,0,0,0,0,0,0,0,0,0,0,0,0,0,0,0,0,0,0,0,0,0,0,0,0,0,0,0,0,0,0,0,1
622,2.795485672857197,90.41464804048113,6.723177910261383,0,0,0,0,0,0,0,0,0,0,0,0,0,0,0,0,0,0,0,0,0,0,0,0,0,0,0,0,0,0,0,0,0,0,0,0,0,0,0,0,0,0,1
623,3.8721941336417416,90.19173287863184,5.869384525935063,0,0,0,0,0,0,0,0,0,0,0,0,0,0,0,0,0,0,0,0,0,0,0,0,0,0,0,0,0,0,0,0,0,0,0,0,0,0,0,0,0,0,1
624,4.644394843413735,90.19173287863184,5.097183753734269,0,0,0,0,0,0,0,0,0,0,0,0,0,0,0,0,0,0,0,0,0,0,0,0,0,0,0,0,0,0,0,0,0,0,0,0,0,0,0,0,0,0,1
625,5.416595552166399,90.19173287863184,4.324982981533495,0,0,0,0,0,0,0,0,0,0,0,0,0,0,0,0,0,0,0,0,0,0,0,0,0,0,0,0,0,0,0,0,0,0,0,0,0,0,0,0,0,0,1
626,6.218661226157991,89.74590255493328,3.968747564232204,0,0,0,0,0,0,0,0,0,0,0,0,0,0,0,0,0,0,0,0,0,0,0,0,0,0,0,0,0,0,0,0,0,0,0,0,0,0,0,0,0,0,1
627,1.2510842476872028,90.41464804048113,8.267579454662929,0,0,0,0,0,0,0,0,0,0,0,0,0,0,0,0,0,0,0,0,0,0,0,0,0,0,0,0,0,0,0,0,0,0,0,0,0,0,0,0,0,0,1
628,1.503864359076232,89.52298739308401,8.906459971411671,0,0,0,0,0,0,0,0,0,0,0,0,0,0,0,0,0,0,0,0,0,0,0,0,0,0,0,0,0,0,0,0,0,0,0,0,0,0,0,0,0,0,1
629,2.1944724660264825,89.30007223123474,8.438766973185714,0,0,0,0,0,0,0,0,0,0,0,0,0,0,0,0,0,0,0,0,0,0,0,0,0,0,0,0,0,0,0,0,0,0,0,0,0,0,0,0,0,0,1
630,3.464231105592617,89.07715706938544,7.391923395809222,0,0,0,0,0,0,0,0,0,0,0,0,0,0,0,0,0,0,0,0,0,0,0,0,0,0,0,0,0,0,0,0,0,0,0,0,0,0,0,0,0,0,1
631,5.008632525187565,89.07715706938544,5.847521851407655,0,0,0,0,0,0,0,0,0,0,0,0,0,0,0,0,0,0,0,0,0,0,0,0,0,0,0,0,0,0,0,0,0,0,0,0,0,0,0,0,0,0,1
632,6.55303394065713,89.07715706938544,4.303120307006109,0,0,0,0,0,0,0,0,0,0,0,0,0,0,0,0,0,0,0,0,0,0,0,0,0,0,0,0,0,0,0,0,0,0,0,0,0,0,0,0,0,0,1
633,8.075572679183736,87.96258126013907,3.895157246378337,0,0,0,0,0,0,0,0,0,0,0,0,0,0,0,0,0,0,0,0,0,0,0,0,0,0,0,0,0,0,0,0,0,0,0,0,0,0,0,0,0,0,1
634,7.1401867639366685,87.51675093644053,5.276373566528781,0,0,0,0,0,0,0,0,0,0,0,0,0,0,0,0,0,0,0,0,0,0,0,0,0,0,0,0,0,0,0,0,0,0,0,0,0,0,0,0,0,0,1
635,6.256528486036814,87.73966609828979,5.937116757804889,0,0,0,0,0,0,0,0,0,0,0,0,0,0,0,0,0,0,0,0,0,0,0,0,0,0,0,0,0,0,0,0,0,0,0,0,0,0,0,0,0,0,1
636,7.667609654175266,86.84800545089269,5.417696116252498,0,0,0,0,0,0,0,0,0,0,0,0,0,0,0,0,0,0,0,0,0,0,0,0,0,0,0,0,0,0,0,0,0,0,0,0,0,0,0,0,0,0,1
637,8.083574972753581,86.40217512719414,5.447561085051589,0,0,0,0,0,0,0,0,0,0,0,0,0,0,0,0,0,0,0,0,0,0,0,0,0,0,0,0,0,0,0,0,0,0,0,0,0,0,0,0,0,0,1
638,7.594019342713139,85.06468415609847,7.274607728900541,0,0,0,0,0,0,0,0,0,0,0,0,0,0,0,0,0,0,0,0,0,0,0,0,0,0,0,0,0,0,0,0,0,0,0,0,0,0,0,0,0,0,1
639,6.495448216230543,84.17302350870136,9.264839597000655,0,0,0,0,0,0,0,0,0,0,0,0,0,0,0,0,0,0,0,0,0,0,0,0,0,0,0,0,0,0,0,0,0,0,0,0,0,0,0,0,0,0,1
640,5.136094684173528,85.7334296416463,9.06378710967878,0,0,0,0,0,0,0,0,0,0,0,0,0,0,0,0,0,0,0,0,0,0,0,0,0,0,0,0,0,0,0,0,0,0,0,0,0,0,0,0,0,0,1
641,3.420505760013299,86.84800545089269,9.664800363356722,0,0,0,0,0,0,0,0,0,0,0,0,0,0,0,0,0,0,0,0,0,0,0,0,0,0,0,0,0,0,0,0,0,0,0,0,0,0,0,0,0,0,1
642,2.2622046926455823,86.84800545089269,10.823101521657923,0,0,0,0,0,0,0,0,0,0,0,0,0,0,0,0,0,0,0,0,0,0,0,0,0,0,0,0,0,0,0,0,0,0,0,0,0,0,0,0,0,0,1
643,1.074038656610881,87.29383577459124,11.565437325059602,0,0,0,0,0,0,0,0,0,0,0,0,0,0,0,0,0,0,0,0,0,0,0,0,0,0,0,0,0,0,0,0,0,0,0,0,0,0,0,0,0,0,1
644,1.7427840911744994,85.95634480349558,12.234182810607418,0,0,0,0,0,0,0,0,0,0,0,0,0,0,0,0,0,0,0,0,0,0,0,0,0,0,0,0,0,0,0,0,0,0,0,0,0,0,0,0,0,0,1
645,1.0820409502766068,85.7334296416463,13.11784116373283,0,0,0,0,0,0,0,0,0,0,0,0,0,0,0,0,0,0,0,0,0,0,0,0,0,0,0,0,0,0,0,0,0,0,0,0,0,0,0,0,0,0,1
646,1.3646860282564433,84.39593867055065,14.172687035381031,0,0,0,0,0,0,0,0,0,0,0,0,0,0,0,0,0,0,0,0,0,0,0,0,0,0,0,0,0,0,0,0,0,0,0,0,0,0,0,0,0,0,1
647,1.1199082104783855,83.72719318500282,15.086210357305536,0,0,0,0,0,0,0,0,0,0,0,0,0,0,0,0,0,0,0,0,0,0,0,0,0,0,0,0,0,0,0,0,0,0,0,0,0,0,0,0,0,0,1
648,1.810516317841845,83.50427802315355,14.618517359079584,0,0,0,0,0,0,0,0,0,0,0,0,0,0,0,0,0,0,0,0,0,0,0,0,0,0,0,0,0,0,0,0,0,0,0,0,0,0,0,0,0,0,1
649,2.887224780340361,83.28136286130426,13.764723974753265,0,0,0,0,0,0,0,0,0,0,0,0,0,0,0,0,0,0,0,0,0,0,0,0,0,0,0,0,0,0,0,0,0,0,0,0,0,0,0,0,0,0,1
650,3.689290457791188,82.83553253760572,13.40848855745197,0,0,0,0,0,0,0,0,0,0,0,0,0,0,0,0,0,0,0,0,0,0,0,0,0,0,0,0,0,0,0,0,0,0,0,0,0,0,0,0,0,0,1
651,4.298305956776076,82.38970221390717,13.245303333200848,0,0,0,0,0,0,0,0,0,0,0,0,0,0,0,0,0,0,0,0,0,0,0,0,0,0,0,0,0,0,0,0,0,0,0,0,0,0,0,0,0,0,1
652,4.684406311509932,82.38970221390717,12.85920294710048,0,0,0,0,0,0,0,0,0,0,0,0,0,0,0,0,0,0,0,0,0,0,0,0,0,0,0,0,0,0,0,0,0,0,0,0,0,0,0,0,0,0,1
653,5.984029912061203,81.72095672835933,12.228324724623423,0,0,0,0,0,0,0,0,0,0,0,0,0,0,0,0,0,0,0,0,0,0,0,0,0,0,0,0,0,0,0,0,0,0,0,0,0,0,0,0,0,0,1
654,5.568064591882262,82.16678705205788,12.19845975582433,0,0,0,0,0,0,0,0,0,0,0,0,0,0,0,0,0,0,0,0,0,0,0,0,0,0,0,0,0,0,0,0,0,0,0,0,0,0,0,0,0,0,1
655,3.985795913732901,84.17302350870136,11.774492106653168,0,0,0,0,0,0,0,0,0,0,0,0,0,0,0,0,0,0,0,0,0,0,0,0,0,0,0,0,0,0,0,0,0,0,0,0,0,0,0,0,0,0,1
656,4.067388519293985,84.39593867055065,11.469984332678353,0,0,0,0,0,0,0,0,0,0,0,0,0,0,0,0,0,0,0,0,0,0,0,0,0,0,0,0,0,0,0,0,0,0,0,0,0,0,0,0,0,0,1
657,4.74999432973847,85.7334296416463,9.449887495779166,0,0,0,0,0,0,0,0,0,0,0,0,0,0,0,0,0,0,0,0,0,0,0,0,0,0,0,0,0,0,0,0,0,0,0,0,0,0,0,0,0,0,1
658,5.380872500341354,86.40217512719414,8.150263787754293,0,0,0,0,0,0,0,0,0,0,0,0,0,0,0,0,0,0,0,0,0,0,0,0,0,0,0,0,0,0,0,0,0,0,0,0,0,0,0,0,0,0,1
659,11.128652436257653,84.17302350870136,4.631634963796024,0,0,0,0,0,0,0,0,0,0,0,0,0,0,0,0,0,0,0,0,0,0,0,0,0,0,0,0,0,0,0,1,0,0,0,0,0,0,0,0,0,0,0
660,11.04705983178063,83.9501083468521,4.936142737770861,0,0,0,0,0,0,0,0,0,0,0,0,0,0,0,0,0,0,0,0,0,0,0,0,0,0,0,0,0,0,0,1,0,0,0,0,0,0,0,0,0,0,0
661,11.381432543120823,83.28136286130426,5.270515480544766,0,0,0,0,0,0,0,0,0,0,0,0,0,0,0,0,0,0,0,0,0,0,0,0,0,0,0,0,0,0,0,1,0,0,0,0,0,0,0,0,0,0,0
662,11.604347683882196,82.83553253760572,5.493430642394054,0,0,0,0,0,0,0,0,0,0,0,0,0,0,0,0,0,0,0,0,0,0,0,0,0,0,0,0,0,0,0,1,0,0,0,0,0,0,0,0,0,0,0
663,12.933836232693151,81.72095672835933,5.278517774816453,0,0,0,0,0,0,0,0,0,0,0,0,0,0,0,0,0,0,0,0,0,0,0,0,0,0,0,0,0,0,0,1,0,0,0,0,0,0,0,0,0,0,0
664,10.72068941373277,83.05844769945497,6.154173833670182,0,0,0,0,0,0,0,0,0,0,0,0,0,0,0,0,0,0,0,0,0,0,0,0,0,0,0,0,0,0,0,1,0,0,0,0,0,0,0,0,0,0,0
665,9.755438537262409,83.05844769945497,7.11942479892117,0,0,0,0,0,0,0,0,0,0,0,0,0,0,0,0,0,0,0,0,0,0,0,0,0,0,0,0,0,0,0,1,0,0,0,0,0,0,0,0,0,0,0
666,8.84991759118708,82.16678705205788,8.916606473971072,0,0,0,0,0,0,0,0,0,0,0,0,0,0,0,0,0,0,0,0,0,0,0,0,0,0,0,0,0,0,0,1,0,0,0,0,0,0,0,0,0,0,0
667,7.528431324819024,81.72095672835933,10.683923180221878,0,0,0,0,0,0,0,0,0,0,0,0,0,0,0,0,0,0,0,0,0,0,0,0,0,0,0,0,0,0,0,1,0,0,0,0,0,0,0,0,0,0,0
668,8.085719180853218,80.60638091911294,11.241211084845071,0,0,0,0,0,0,0,0,0,0,0,0,0,0,0,0,0,0,0,0,0,0,0,0,0,0,0,0,0,0,0,1,0,0,0,0,0,0,0,0,0,0,0
669,7.892669004701318,80.60638091911294,11.434261277895242,0,0,0,0,0,0,0,0,0,0,0,0,0,0,0,0,0,0,0,0,0,0,0,0,0,0,0,0,0,0,0,1,0,0,0,0,0,0,0,0,0,0,0
670,7.759348760877927,79.71472027171583,12.459242180744395,0,0,0,0,0,0,0,0,0,0,0,0,0,0,0,0,0,0,0,0,0,0,0,0,0,0,0,0,0,0,0,1,0,0,0,0,0,0,0,0,0,0,0
671,7.819078693270399,78.82305962431874,13.291172890543333,0,0,0,0,0,0,0,0,0,0,0,0,0,0,0,0,0,0,0,0,0,0,0,0,0,0,0,0,0,0,0,1,0,0,0,0,0,0,0,0,0,0,0
672,8.376366548996756,77.70848381507236,13.848460795166526,0,0,0,0,0,0,0,0,0,0,0,0,0,0,0,0,0,0,0,0,0,0,0,0,0,0,0,0,0,0,0,1,0,0,0,0,0,0,0,0,0,0,0
673,9.564532569834356,77.26265349137381,13.106124991764844,0,0,0,0,0,0,0,0,0,0,0,0,0,0,0,0,0,0,0,0,0,0,0,0,0,0,0,0,0,0,0,1,0,0,0,0,0,0,0,0,0,0,0
674,10.50792077417718,76.14807768212742,13.277312510287633,0,0,0,0,0,0,0,0,0,0,0,0,0,0,0,0,0,0,0,0,0,0,0,0,0,0,0,0,0,0,0,1,0,0,0,0,0,0,0,0,0,0,0
675,10.649243310803726,75.4793321965796,13.80473544611173,0,0,0,0,0,0,0,0,0,0,0,0,0,0,0,0,0,0,0,0,0,0,0,0,0,0,0,0,0,0,0,1,0,0,0,0,0,0,0,0,0,0,0
676,12.14991936447447,73.25018057808683,14.53321086925775,0,0,0,0,0,0,0,0,0,0,0,0,0,0,0,0,0,0,0,0,0,0,0,0,0,0,0,0,0,0,0,1,0,0,0,0,0,0,0,0,0,0,0
677,13.40581760110318,70.35228347404623,16.175209614328242,0,0,0,0,0,0,0,0,0,0,0,0,0,0,0,0,0,0,0,0,0,0,0,0,0,0,0,0,0,0,0,1,0,0,0,0,0,0,0,0,0,0,0
678,14.854766007492527,67.45438637000565,17.624158166348536,0,0,0,0,0,0,0,0,0,0,0,0,0,0,0,0,0,0,0,0,0,0,0,0,0,0,0,0,0,0,0,1,0,0,0,0,0,0,0,0,0,0,0
679,15.515509130700323,67.67730153185492,16.74049981322312,0,0,0,0,0,0,0,0,0,0,0,0,0,0,0,0,0,0,0,0,0,0,0,0,0,0,0,0,0,0,0,1,0,0,0,0,0,0,0,0,0,0,0
680,14.980083955844194,69.90645315034769,15.046773424826156,0,0,0,0,0,0,0,0,0,0,0,0,0,0,0,0,0,0,0,0,0,0,0,0,0,0,0,0,0,0,0,1,0,0,0,0,0,0,0,0,0,0,0
681,17.22309571840809,68.12313185555347,14.587082720871903,0,0,0,0,0,0,0,0,0,0,0,0,0,0,0,0,0,0,0,0,0,0,0,0,0,0,0,0,0,0,0,1,0,0,0,0,0,0,0,0,0,0,0
682,19.02027719477701,67.23147120815636,13.681561693219102,0,0,0,0,0,0,0,0,0,0,0,0,0,0,0,0,0,0,0,0,0,0,0,0,0,0,0,0,0,0,0,1,0,0,0,0,0,0,0,0,0,0,0
683,21.70111690963185,66.11689539890997,12.115297474290172,0,0,0,0,0,0,0,0,0,0,0,0,0,0,0,0,0,0,0,0,0,0,0,0,0,0,0,0,0,0,0,1,0,0,0,0,0,0,0,0,0,0,0
684,20.401493356134864,66.78564088445782,12.746175696767231,0,0,0,0,0,0,0,0,0,0,0,0,0,0,0,0,0,0,0,0,0,0,0,0,0,0,0,0,0,0,0,1,0,0,0,0,0,0,0,0,0,0,0
685,20.92091393653645,67.67730153185492,11.335094407817694,0,0,0,0,0,0,0,0,0,0,0,0,0,0,0,0,0,0,0,0,0,0,0,0,0,0,0,0,0,0,0,1,0,0,0,0,0,0,0,0,0,0,0
686,22.82155066746296,68.12313185555347,8.988627122416302,0,0,0,0,0,0,0,0,0,0,0,0,0,0,0,0,0,0,0,0,0,0,0,0,0,0,0,0,0,0,0,1,0,0,0,0,0,0,0,0,0,0,0
687,23.683346237633685,66.78564088445782,9.464322414913925,0,0,0,0,0,0,0,0,0,0,0,0,0,0,0,0,0,0,0,0,0,0,0,0,0,0,0,0,0,0,0,1,0,0,0,0,0,0,0,0,0,0,0
688,21.66324965113607,68.12313185555347,10.146928280717486,0,0,0,0,0,0,0,0,0,0,0,0,0,0,0,0,0,0,0,0,0,0,0,0,0,0,0,0,0,0,0,1,0,0,0,0,0,0,0,0,0,0,0
689,18.49071011012008,73.69601090178539,7.746589143701904,0,0,0,0,0,0,0,0,0,0,0,0,0,0,0,0,0,0,0,0,0,0,0,0,0,0,0,0,0,0,0,1,0,0,0,0,0,0,0,0,0,0,0
690,19.099725589628,73.25018057808683,7.583403919450804,0,0,0,0,0,0,0,0,0,0,0,0,0,0,0,0,0,0,0,0,0,0,0,0,0,0,0,0,0,0,0,1,0,0,0,0,0,0,0,0,0,0,0
691,18.216067335475444,73.47309573993611,8.244147110726932,0,0,0,0,0,0,0,0,0,0,0,0,0,0,0,0,0,0,0,0,0,0,0,0,0,0,0,0,0,0,0,1,0,0,0,0,0,0,0,0,0,0,0
692,14.926212109749486,75.03350187288103,9.973596553906942,0,0,0,0,0,0,0,0,0,0,0,0,0,0,0,0,0,0,0,0,0,0,0,0,0,0,0,0,0,0,0,1,0,0,0,0,0,0,0,0,0,0,0
693,15.401907353266708,73.69601090178539,10.835392232504995,0,0,0,0,0,0,0,0,0,0,0,0,0,0,0,0,0,0,0,0,0,0,0,0,0,0,0,0,0,0,0,1,0,0,0,0,0,0,0,0,0,0,0
694,12.155777449895908,77.48556865322308,10.2919647081375,0,0,0,0,0,0,0,0,0,0,0,0,0,0,0,0,0,0,0,0,0,0,0,0,0,0,0,0,0,0,0,1,0,0,0,0,0,0,0,0,0,0,0
695,14.27932936446365,77.48556865322308,8.168412584585354,0,0,0,0,0,0,0,0,0,0,0,0,0,0,0,0,0,0,0,0,0,0,0,0,0,0,0,0,0,0,0,1,0,0,0,0,0,0,0,0,0,0,0
696,16.10637582004098,76.14807768212742,7.678856911832034,0,0,0,0,0,0,0,0,0,0,0,0,0,0,0,0,0,0,0,0,0,0,0,0,0,0,0,0,0,0,0,1,0,0,0,0,0,0,0,0,0,0,0
697,14.763026902174945,74.58767154918249,10.582612101856636,0,0,0,0,0,0,0,0,0,0,0,0,0,0,0,0,0,0,0,0,0,0,0,0,0,0,0,0,0,0,0,1,0,0,0,0,0,0,0,0,0,0,0
698,13.07730297665644,75.25641703473032,11.599590710434056,0,0,0,0,0,0,0,0,0,0,0,0,0,0,0,0,0,0,0,0,0,0,0,0,0,0,0,0,0,0,0,1,0,0,0,0,0,0,0,0,0,0,0
699,9.86904031612474,77.03973832952452,13.024532379639275,0,0,0,0,0,0,0,0,0,0,0,0,0,0,0,0,0,0,0,0,0,0,0,0,0,0,0,0,0,0,0,1,0,0,0,0,0,0,0,0,0,0,0
700,10.886018830872205,77.70848381507236,11.338808285514016,0,0,0,0,0,0,0,0,0,0,0,0,0,0,0,0,0,0,0,0,0,0,0,0,0,0,0,0,0,0,0,1,0,0,0,0,0,0,0,0,0,0,0
701,10.826288898844084,78.60014446246946,10.506877575715055,0,0,0,0,0,0,0,0,0,0,0,0,0,0,0,0,0,0,0,0,0,0,0,0,0,0,0,0,0,0,0,1,0,0,0,0,0,0,0,0,0,0,0
702,10.862011950296733,82.38970221390717,6.681596769494304,0,0,0,0,0,0,0,0,0,0,0,0,0,0,0,0,0,0,0,0,0,0,0,0,0,0,0,0,0,0,0,1,0,0,0,0,0,0,0,0,0,0,0
703,11.685940288262415,83.05844769945497,5.188922868419216,0,0,0,0,0,0,0,0,0,0,0,0,0,0,0,0,0,0,0,0,0,0,0,0,0,0,0,0,0,0,0,1,0,0,0,0,0,0,0,0,0,0,0
704,12.629328488382557,81.94387189020861,5.360110386942026,0,0,0,0,0,0,0,0,0,0,0,0,0,0,0,0,0,0,0,0,0,0,0,0,0,0,0,0,0,0,0,1,0,0,0,0,0,0,0,0,0,0,0
705,13.075158768579044,81.0522112428115,5.805940710640597,0,0,0,0,0,0,0,0,0,0,0,0,0,0,0,0,0,0,0,0,0,0,0,0,0,0,0,0,0,0,0,1,0,0,0,0,0,0,0,0,0,0,0
706,12.49600824585319,81.0522112428115,6.385091289791155,0,0,0,0,0,0,0,0,0,0,0,0,0,0,0,0,0,0,0,0,0,0,0,0,0,0,0,0,0,0,0,1,0,0,0,0,0,0,0,0,0,0,0
707,12.78665561134919,78.1543141387709,8.992341000112605,0,0,0,0,0,0,0,0,0,0,0,0,0,0,0,0,0,0,0,0,0,0,0,0,0,0,0,0,0,0,0,1,0,0,0,0,0,0,0,0,0,0,0
708,4.133551076423998,66.11689539890997,29.682865041857752,0,0,0,0,0,0,0,0,0,0,0,0,0,0,0,0,0,0,0,0,0,0,0,0,0,0,0,0,0,0,0,1,0,0,0,0,0,0,0,0,0,0,0
709,4.742566574952548,65.67106507521143,29.519679817606644,0,0,0,0,0,0,0,0,0,0,0,0,0,0,0,0,0,0,0,0,0,0,0,0,0,0,0,0,0,0,0,1,0,0,0,0,0,0,0,0,0,0,0
710,5.321717106515735,65.67106507521143,28.94052923845605,0,0,0,0,0,0,0,0,0,0,0,0,0,0,0,0,0,0,0,0,0,0,0,0,0,0,0,0,0,0,0,1,0,0,0,0,0,0,0,0,0,0,0
711,7.831369403045457,65.67106507521143,26.430876728803547,0,0,0,0,0,0,0,0,0,0,0,0,0,0,0,0,0,0,0,0,0,0,0,0,0,0,0,0,0,0,0,1,0,0,0,0,0,0,0,0,0,0,0
712,8.054284545401913,65.22523475151289,26.65379189065284,0,0,0,0,0,0,0,0,0,0,0,0,0,0,0,0,0,0,0,0,0,0,0,0,0,0,0,0,0,0,0,1,0,0,0,0,0,0,0,0,0,0,0
713,10.75698700401894,65.22523475151289,23.95108918795012,0,0,0,0,0,0,0,0,0,0,0,0,0,0,0,0,0,0,0,0,0,0,0,0,0,0,0,0,0,0,0,1,0,0,0,0,0,0,0,0,0,0,0
714,12.382981006444822,65.44814991336216,22.10217986957376,0,0,0,0,0,0,0,0,0,0,0,0,0,0,0,0,0,0,0,0,0,0,0,0,0,0,0,0,0,0,0,1,0,0,0,0,0,0,0,0,0,0,0
715,13.764197191127678,65.00231958966361,21.166793873121858,0,0,0,0,0,0,0,0,0,0,0,0,0,0,0,0,0,0,0,0,0,0,0,0,0,0,0,0,0,0,0,1,0,0,0,0,0,0,0,0,0,0,0
716,16.273849443198714,65.00231958966361,18.65714136346936,0,0,0,0,0,0,0,0,0,0,0,0,0,0,0,0,0,0,0,0,0,0,0,0,0,0,0,0,0,0,0,1,0,0,0,0,0,0,0,0,0,0,0
717,15.531513717581774,64.55648926596507,19.8453074905696,0,0,0,0,0,0,0,0,0,0,0,0,0,0,0,0,0,0,0,0,0,0,0,0,0,0,0,0,0,0,0,1,0,0,0,0,0,0,0,0,0,0,0
718,13.823927122769703,64.1106589422665,21.99872458292081,0,0,0,0,0,0,0,0,0,0,0,0,0,0,0,0,0,0,0,0,0,0,0,0,0,0,0,0,0,0,0,1,0,0,0,0,0,0,0,0,0,0,0
719,11.893425380686864,64.1106589422665,23.929226513422726,0,0,0,0,0,0,0,0,0,0,0,0,0,0,0,0,0,0,0,0,0,0,0,0,0,0,0,0,0,0,0,1,0,0,0,0,0,0,0,0,0,0,0
720,9.242450566987545,64.77940442781433,25.91145608725114,0,0,0,0,0,0,0,0,0,0,0,0,0,0,0,0,0,0,0,0,0,0,0,0,0,0,0,0,0,0,0,1,0,0,0,0,0,0,0,0,0,0,0
721,11.983020278522432,62.77316797117084,25.177122578121143,0,0,0,0,0,0,0,0,0,0,0,0,0,0,0,0,0,0,0,0,0,0,0,0,0,0,0,0,0,0,0,1,0,0,0,0,0,0,0,0,0,0,0
722,12.978136116294152,62.32733764747229,24.627836967769657,0,0,0,0,0,0,0,0,0,0,0,0,0,0,0,0,0,0,0,0,0,0,0,0,0,0,0,0,0,0,0,1,0,0,0,0,0,0,0,0,0,0,0
723,15.079825354563326,61.2127618382259,23.640723327991285,0,0,0,0,0,0,0,0,0,0,0,0,0,0,0,0,0,0,0,0,0,0,0,0,0,0,0,0,0,0,0,1,0,0,0,0,0,0,0,0,0,0,0
724,16.238126392190438,61.2127618382259,22.48242216969013,0,0,0,0,0,0,0,0,0,0,0,0,0,0,0,0,0,0,0,0,0,0,0,0,0,0,0,0,0,0,0,1,0,0,0,0,0,0,0,0,0,0,0
725,17.649207529543986,60.321101190828806,21.96300152813771,0,0,0,0,0,0,0,0,0,0,0,0,0,0,0,0,0,0,0,0,0,0,0,0,0,0,0,0,0,0,0,1,0,0,0,0,0,0,0,0,0,0,0
726,17.464159650940942,58.760695057883865,23.70845555986116,0,0,0,0,0,0,0,0,0,0,0,0,0,0,0,0,0,0,0,0,0,0,0,0,0,0,0,0,0,0,0,1,0,0,0,0,0,0,0,0,0,0,0
727,19.72103177753169,59.652355705280975,20.5599225334599,0,0,0,0,0,0,0,0,0,0,0,0,0,0,0,0,0,0,0,0,0,0,0,0,0,0,0,0,0,0,0,1,0,0,0,0,0,0,0,0,0,0,0
728,21.436620638878992,58.5377798960346,19.95890927978193,0,0,0,0,0,0,0,0,0,0,0,0,0,0,0,0,0,0,0,0,0,0,0,0,0,0,0,0,0,0,0,1,0,0,0,0,0,0,0,0,0,0,0
729,20.819602870161404,60.544016352678085,18.569690665359808,0,0,0,0,0,0,0,0,0,0,0,0,0,0,0,0,0,0,0,0,0,0,0,0,0,0,0,0,0,0,0,1,0,0,0,0,0,0,0,0,0,0,0
730,20.92305814457002,61.88150732377373,17.128744407611197,0,0,0,0,0,0,0,0,0,0,0,0,0,0,0,0,0,0,0,0,0,0,0,0,0,0,0,0,0,0,0,1,0,0,0,0,0,0,0,0,0,0,0
731,21.08624334944227,62.32733764747229,16.519728859661548,0,0,0,0,0,0,0,0,0,0,0,0,0,0,0,0,0,0,0,0,0,0,0,0,0,0,0,0,0,0,0,1,0,0,0,0,0,0,0,0,0,0,0
732,21.66539385916484,62.32733764747229,15.94057828051097,0,0,0,0,0,0,0,0,0,0,0,0,0,0,0,0,0,0,0,0,0,0,0,0,0,0,0,0,0,0,0,1,0,0,0,0,0,0,0,0,0,0,0
733,22.43759453718204,62.32733764747229,15.168377508310174,0,0,0,0,0,0,0,0,0,0,0,0,0,0,0,0,0,0,0,0,0,0,0,0,0,0,0,0,0,0,0,1,0,0,0,0,0,0,0,0,0,0,0
734,23.95213092250536,62.77316797117084,13.208010609009174,0,0,0,0,0,0,0,0,0,0,0,0,0,0,0,0,0,0,0,0,0,0,0,0,0,0,0,0,0,0,0,1,0,0,0,0,0,0,0,0,0,0,0
735,27.829138848575653,59.652355705280975,12.451814425351794,0,0,0,0,0,0,0,0,0,0,0,0,0,0,0,0,0,0,0,0,0,0,0,0,0,0,0,0,0,0,0,1,0,0,0,0,0,0,0,0,0,0,0
736,25.9802297866806,59.87527086713024,14.077808581878887,0,0,0,0,0,0,0,0,0,0,0,0,0,0,0,0,0,0,0,0,0,0,0,0,0,0,0,0,0,0,0,1,0,0,0,0,0,0,0,0,0,0,0
737,24.354235845350587,59.652355705280975,15.92671790025527,0,0,0,0,0,0,0,0,0,0,0,0,0,0,0,0,0,0,0,0,0,0,0,0,0,0,0,0,0,0,0,1,0,0,0,0,0,0,0,0,0,0,0
738,25.29762401235948,58.5377798960346,16.097905418778076,0,0,0,0,0,0,0,0,0,0,0,0,0,0,0,0,0,0,0,0,0,0,0,0,0,0,0,0,0,0,0,1,0,0,0,0,0,0,0,0,0,0,0
739,26.077826974131582,56.97737376308966,16.878108485250536,0,0,0,0,0,0,0,0,0,0,0,0,0,0,0,0,0,0,0,0,0,0,0,0,0,0,0,0,0,0,0,1,0,0,0,0,0,0,0,0,0,0,0
740,25.417083871666776,56.75445860124038,17.761766838375948,0,0,0,0,0,0,0,0,0,0,0,0,0,0,0,0,0,0,0,0,0,0,0,0,0,0,0,0,0,0,0,1,0,0,0,0,0,0,0,0,0,0,0
741,27.10280773602588,56.08571311569254,16.744788229798523,0,0,0,0,0,0,0,0,0,0,0,0,0,0,0,0,0,0,0,0,0,0,0,0,0,0,0,0,0,0,0,1,0,0,0,0,0,0,0,0,0,0,0
742,29.479139647672767,55.194052468295446,15.260116622995124,0,0,0,0,0,0,0,0,0,0,0,0,0,0,0,0,0,0,0,0,0,0,0,0,0,0,0,0,0,0,0,1,0,0,0,0,0,0,0,0,0,0,0
743,31.24645608380684,54.748222144596895,13.938630240442864,0,0,0,0,0,0,0,0,0,0,0,0,0,0,0,0,0,0,0,0,0,0,0,0,0,0,0,0,0,0,0,1,0,0,0,0,0,0,0,0,0,0,0
744,32.27143682353922,53.856561497199785,13.80530998499084,0,0,0,0,0,0,0,0,0,0,0,0,0,0,0,0,0,0,0,0,0,0,0,0,0,0,0,0,0,0,0,1,0,0,0,0,0,0,0,0,0,0,0
745,33.489467719062475,52.96490084980269,13.478939536488616,0,0,0,0,0,0,0,0,0,0,0,0,0,0,0,0,0,0,0,0,0,0,0,0,0,0,0,0,0,0,0,1,0,0,0,0,0,0,0,0,0,0,0
746,35.621021767983706,51.40449471685776,12.907791251609742,0,0,0,0,0,0,0,0,0,0,0,0,0,0,0,0,0,0,0,0,0,0,0,0,0,0,0,0,0,0,0,1,0,0,0,0,0,0,0,0,0,0,0
747,26.94548061965125,59.87527086713024,13.112557616627925,0,0,0,0,0,0,0,0,0,0,0,0,0,0,0,0,0,0,0,0,0,0,0,0,0,0,0,0,0,0,0,1,0,0,0,0,0,0,0,0,0,0,0
748,28.541609580801406,60.544016352678085,10.847682943352083,0,0,0,0,0,0,0,0,0,0,0,0,0,0,0,0,0,0,0,0,0,0,0,0,0,0,0,0,0,0,0,1,0,0,0,0,0,0,0,0,0,0,0
749,24.9392444341342,63.88774378041722,11.106321159984434,0,0,0,0,0,0,0,0,0,0,0,0,0,0,0,0,0,0,0,0,0,0,0,0,0,0,0,0,0,0,0,1,0,0,0,0,0,0,0,0,0,0,0
750,27.50276844629846,58.760695057883865,13.669845521251116,0,0,0,0,0,0,0,0,0,0,0,0,0,0,0,0,0,0,0,0,0,0,0,0,0,0,0,0,0,0,0,1,0,0,0,0,0,0,0,0,0,0,0
751,26.344467448744894,58.760695057883865,14.828146679552273,0,0,0,0,0,0,0,0,0,0,0,0,0,0,0,0,0,0,0,0,0,0,0,0,0,0,0,0,0,0,0,1,0,0,0,0,0,0,0,0,0,0,0
